x-axis,1,2
second,Volt,Volt
-1.00000E-03,-20.10050E-03,-266.00502E-03
-999.00E-06,-35.17588E-03,-316.25628E-03
-998.00E-06,-40.20100E-03,-266.00502E-03
-997.00E-06,-20.10050E-03,-266.00502E-03
-996.00E-06,-20.10050E-03,-266.00502E-03
-995.00E-06,+15.07538E-03,-65.00000E-03
-994.00E-06,+20.10050E-03,+236.50754E-03
-993.00E-06,-15.07538E-03,-14.74874E-03
-992.00E-06,+20.10050E-03,+337.01006E-03
-991.00E-06,+10.05025E-03,+337.01006E-03
-990.00E-06,+20.10050E-03,+538.01508E-03
-989.00E-06,+55.27638E-03,+487.76383E-03
-988.00E-06,+20.10050E-03,+739.02011E-03
-987.00E-06,+25.12563E-03,+739.02011E-03
-986.00E-06,+30.15075E-03,+839.52262E-03
-985.00E-06,+55.27638E-03,+789.27137E-03
-984.00E-06,+60.30151E-03,+940.02514E-03
-983.00E-06,+60.30151E-03,+1.14103016E+00
-982.00E-06,+60.30151E-03,+1.34203519E+00
-981.00E-06,+60.30151E-03,+1.34203519E+00
-980.00E-06,+60.30151E-03,+1.74404524E+00
-979.00E-06,+80.40201E-03,+1.39228645E+00
-978.00E-06,+80.40201E-03,+1.84454776E+00
-977.00E-06,+115.57789E-03,+1.59329147E+00
-976.00E-06,+100.50251E-03,+1.94505027E+00
-975.00E-06,+105.52764E-03,+2.14605530E+00
-974.00E-06,+120.60301E-03,+2.24655781E+00
-973.00E-06,+115.57789E-03,+2.19630655E+00
-972.00E-06,+140.70352E-03,+2.34706032E+00
-971.00E-06,+140.70352E-03,+2.34706032E+00
-970.00E-06,+110.55276E-03,+2.34706032E+00
-969.00E-06,+155.77889E-03,+2.34706032E+00
-968.00E-06,+160.80402E-03,+2.74907038E+00
-967.00E-06,+175.87940E-03,+2.69881912E+00
-966.00E-06,+150.75377E-03,+2.74907038E+00
-965.00E-06,+150.75377E-03,+3.10082917E+00
-964.00E-06,+160.80402E-03,+2.95007540E+00
-963.00E-06,+175.87940E-03,+3.15108043E+00
-962.00E-06,+170.85427E-03,+3.25158294E+00
-961.00E-06,+175.87940E-03,+3.35208546E+00
-960.00E-06,+201.00502E-03,+3.55309048E+00
-959.00E-06,+185.92965E-03,+3.55309048E+00
-958.00E-06,+201.00502E-03,+3.45258797E+00
-957.00E-06,+221.10553E-03,+3.90484928E+00
-956.00E-06,+201.00502E-03,+3.75409551E+00
-955.00E-06,+241.20603E-03,+4.10585431E+00
-954.00E-06,+231.15578E-03,+4.15610556E+00
-953.00E-06,+211.05527E-03,+4.15610556E+00
-952.00E-06,+241.20603E-03,+4.35711059E+00
-951.00E-06,+251.25628E-03,+4.35711059E+00
-950.00E-06,+251.25628E-03,+4.35711059E+00
-949.00E-06,+261.30653E-03,+4.55811562E+00
-948.00E-06,+261.30653E-03,+4.55811562E+00
-947.00E-06,+261.30653E-03,+4.65861813E+00
-946.00E-06,+271.35678E-03,+4.85962316E+00
-945.00E-06,+291.45728E-03,+4.96012567E+00
-944.00E-06,+281.40703E-03,+4.96012567E+00
-943.00E-06,+296.48241E-03,+5.16113070E+00
-942.00E-06,+301.50753E-03,+5.36213572E+00
-941.00E-06,+271.35678E-03,+5.36213572E+00
-940.00E-06,+321.60804E-03,+5.56314075E+00
-939.00E-06,+291.45728E-03,+5.56314075E+00
-938.00E-06,+311.55779E-03,+5.66364326E+00
-937.00E-06,+316.58291E-03,+5.61339201E+00
-936.00E-06,+301.50753E-03,+5.96515080E+00
-935.00E-06,+331.65829E-03,+5.76414578E+00
-934.00E-06,+331.65829E-03,+5.96515080E+00
-933.00E-06,+376.88442E-03,+6.01540206E+00
-932.00E-06,+341.70854E-03,+6.16615583E+00
-931.00E-06,+361.80904E-03,+6.16615583E+00
-930.00E-06,+341.70854E-03,+6.36716086E+00
-929.00E-06,+361.80904E-03,+6.41741211E+00
-928.00E-06,+361.80904E-03,+6.56816588E+00
-927.00E-06,+356.78392E-03,+6.61841714E+00
-926.00E-06,+381.90954E-03,+6.66866840E+00
-925.00E-06,+366.83417E-03,+6.76917091E+00
-924.00E-06,+381.90954E-03,+6.76917091E+00
-923.00E-06,+381.90954E-03,+6.97017594E+00
-922.00E-06,+412.06030E-03,+7.07067845E+00
-921.00E-06,+417.08542E-03,+7.17118096E+00
-920.00E-06,+422.11055E-03,+7.17118096E+00
-919.00E-06,+417.08542E-03,+7.32193473E+00
-918.00E-06,+412.06030E-03,+7.47268850E+00
-917.00E-06,+442.21105E-03,+7.57319102E+00
-916.00E-06,+422.11055E-03,+7.37218599E+00
-915.00E-06,+427.13567E-03,+7.57319102E+00
-914.00E-06,+422.11055E-03,+7.77419604E+00
-913.00E-06,+437.18592E-03,+7.77419604E+00
-912.00E-06,+442.21105E-03,+7.97520107E+00
-911.00E-06,+447.23618E-03,+8.17620610E+00
-910.00E-06,+462.31155E-03,+8.17620610E+00
-909.00E-06,+462.31155E-03,+8.22645735E+00
-908.00E-06,+482.41206E-03,+8.37721112E+00
-907.00E-06,+462.31155E-03,+8.42746238E+00
-906.00E-06,+482.41206E-03,+8.37721112E+00
-905.00E-06,+482.41206E-03,+8.47771364E+00
-904.00E-06,+502.51256E-03,+8.57821615E+00
-903.00E-06,+497.48743E-03,+8.72896992E+00
-902.00E-06,+502.51256E-03,+8.67871866E+00
-901.00E-06,+517.58793E-03,+8.98022620E+00
-900.00E-06,+482.41206E-03,+8.98022620E+00
-899.00E-06,+517.58793E-03,+9.18123123E+00
-898.00E-06,+512.56281E-03,+8.98022620E+00
-897.00E-06,+522.61306E-03,+9.33198500E+00
-896.00E-06,+522.61306E-03,+9.38223626E+00
-895.00E-06,+542.71356E-03,+9.23148249E+00
-894.00E-06,+542.71356E-03,+9.58324128E+00
-893.00E-06,+527.63819E-03,+9.88474882E+00
-892.00E-06,+562.81406E-03,+9.58324128E+00
-891.00E-06,+532.66331E-03,+9.78424631E+00
-890.00E-06,+552.76381E-03,+9.68374380E+00
-889.00E-06,+562.81406E-03,+9.78424631E+00
-888.00E-06,+562.81406E-03,+9.98525134E+00
-887.00E-06,+577.88944E-03,+9.93500008E+00
-886.00E-06,+562.81406E-03,+9.98525134E+00
-885.00E-06,+562.81406E-03,+10.13600511E+00
-884.00E-06,+582.91457E-03,+9.98525134E+00
-883.00E-06,+597.98994E-03,+10.38726139E+00
-882.00E-06,+592.96482E-03,+10.38726139E+00
-881.00E-06,+582.91457E-03,+10.53801516E+00
-880.00E-06,+582.91457E-03,+10.58826642E+00
-879.00E-06,+597.98994E-03,+10.58826642E+00
-878.00E-06,+613.06532E-03,+10.68876893E+00
-877.00E-06,+623.11557E-03,+10.73902019E+00
-876.00E-06,+603.01507E-03,+10.78927144E+00
-875.00E-06,+628.14070E-03,+10.99027647E+00
-874.00E-06,+623.11557E-03,+10.88977396E+00
-873.00E-06,+623.11557E-03,+10.94002521E+00
-872.00E-06,+643.21607E-03,+11.19128150E+00
-871.00E-06,+643.21607E-03,+11.19128150E+00
-870.00E-06,+633.16582E-03,+11.19128150E+00
-869.00E-06,+638.19095E-03,+11.19128150E+00
-868.00E-06,+623.11557E-03,+11.39228652E+00
-867.00E-06,+668.34170E-03,+11.39228652E+00
-866.00E-06,+663.31658E-03,+11.39228652E+00
-865.00E-06,+678.39195E-03,+11.54304029E+00
-864.00E-06,+663.31658E-03,+11.59329155E+00
-863.00E-06,+663.31658E-03,+11.79429658E+00
-862.00E-06,+693.46733E-03,+11.79429658E+00
-861.00E-06,+678.39195E-03,+11.99530160E+00
-860.00E-06,+683.41708E-03,+11.99530160E+00
-859.00E-06,+688.44220E-03,+11.89479909E+00
-858.00E-06,+683.41708E-03,+12.09580412E+00
-857.00E-06,+688.44220E-03,+12.14605537E+00
-856.00E-06,+703.51758E-03,+11.99530160E+00
-855.00E-06,+683.41708E-03,+12.19630663E+00
-854.00E-06,+703.51758E-03,+12.19630663E+00
-853.00E-06,+703.51758E-03,+12.34706040E+00
-852.00E-06,+723.61808E-03,+12.39731166E+00
-851.00E-06,+708.54271E-03,+12.59831668E+00
-850.00E-06,+713.56783E-03,+12.49781417E+00
-849.00E-06,+713.56783E-03,+12.59831668E+00
-848.00E-06,+703.51758E-03,+12.59831668E+00
-847.00E-06,+723.61808E-03,+12.64856794E+00
-846.00E-06,+753.76884E-03,+12.79932171E+00
-845.00E-06,+713.56783E-03,+12.95007548E+00
-844.00E-06,+703.51758E-03,+12.79932171E+00
-843.00E-06,+738.69346E-03,+13.00032674E+00
-842.00E-06,+753.76884E-03,+12.89982422E+00
-841.00E-06,+743.71858E-03,+13.05057799E+00
-840.00E-06,+743.71859E-03,+13.20133176E+00
-839.00E-06,+748.74371E-03,+13.05057799E+00
-838.00E-06,+743.71858E-03,+13.30183428E+00
-837.00E-06,+763.81909E-03,+13.35208553E+00
-836.00E-06,+743.71859E-03,+13.40233679E+00
-835.00E-06,+748.74371E-03,+13.55309056E+00
-834.00E-06,+753.76884E-03,+13.40233679E+00
-833.00E-06,+773.86934E-03,+13.70384433E+00
-832.00E-06,+804.02009E-03,+13.40233679E+00
-831.00E-06,+773.86934E-03,+13.60334182E+00
-830.00E-06,+753.76884E-03,+13.60334182E+00
-829.00E-06,+768.84421E-03,+13.50283930E+00
-828.00E-06,+763.81909E-03,+13.80434684E+00
-827.00E-06,+804.02009E-03,+13.85459810E+00
-826.00E-06,+804.02009E-03,+13.80434684E+00
-825.00E-06,+798.99497E-03,+14.15610564E+00
-824.00E-06,+783.91959E-03,+14.00535187E+00
-823.00E-06,+819.09547E-03,+14.00535187E+00
-822.00E-06,+804.02009E-03,+14.10585438E+00
-821.00E-06,+783.91959E-03,+14.05560313E+00
-820.00E-06,+783.91959E-03,+14.20635690E+00
-819.00E-06,+814.07034E-03,+14.35711067E+00
-818.00E-06,+814.07034E-03,+14.20635690E+00
-817.00E-06,+814.07034E-03,+14.20635690E+00
-816.00E-06,+824.12059E-03,+14.40736192E+00
-815.00E-06,+824.12059E-03,+14.20635690E+00
-814.00E-06,+804.02009E-03,+14.30685941E+00
-813.00E-06,+824.12059E-03,+14.25660815E+00
-812.00E-06,+804.02009E-03,+14.60836695E+00
-811.00E-06,+839.19597E-03,+14.70886946E+00
-810.00E-06,+824.12059E-03,+14.40736192E+00
-809.00E-06,+829.14572E-03,+14.65861821E+00
-808.00E-06,+824.12059E-03,+14.60836695E+00
-807.00E-06,+824.12059E-03,+14.75912072E+00
-806.00E-06,+864.32160E-03,+14.70886946E+00
-805.00E-06,+829.14572E-03,+14.80937198E+00
-804.00E-06,+884.42210E-03,+14.80937198E+00
-803.00E-06,+834.17085E-03,+14.80937198E+00
-802.00E-06,+844.22110E-03,+14.80937198E+00
-801.00E-06,+844.22110E-03,+14.85962323E+00
-800.00E-06,+864.32160E-03,+15.01037700E+00
-799.00E-06,+844.22110E-03,+14.85962323E+00
-798.00E-06,+854.27135E-03,+14.90987449E+00
-797.00E-06,+879.39698E-03,+15.06062826E+00
-796.00E-06,+864.32160E-03,+15.01037700E+00
-795.00E-06,+864.32160E-03,+15.01037700E+00
-794.00E-06,+864.32160E-03,+15.21138203E+00
-793.00E-06,+864.32160E-03,+15.06062826E+00
-792.00E-06,+864.32160E-03,+15.41238706E+00
-791.00E-06,+869.34672E-03,+15.21138203E+00
-790.00E-06,+874.37185E-03,+15.21138203E+00
-789.00E-06,+864.32160E-03,+15.21138203E+00
-788.00E-06,+864.32160E-03,+15.21138203E+00
-787.00E-06,+874.37185E-03,+15.41238706E+00
-786.00E-06,+884.42210E-03,+15.31188454E+00
-785.00E-06,+864.32160E-03,+15.41238706E+00
-784.00E-06,+884.42210E-03,+15.61339208E+00
-783.00E-06,+864.32160E-03,+15.26163329E+00
-782.00E-06,+884.42210E-03,+15.41238706E+00
-781.00E-06,+904.52260E-03,+15.46263831E+00
-780.00E-06,+884.42210E-03,+15.41238706E+00
-779.00E-06,+904.52260E-03,+15.61339208E+00
-778.00E-06,+864.32160E-03,+15.41238706E+00
-777.00E-06,+879.39698E-03,+15.61339208E+00
-776.00E-06,+904.52260E-03,+15.81439711E+00
-775.00E-06,+859.29647E-03,+15.21138203E+00
-774.00E-06,+894.47235E-03,+15.71389460E+00
-773.00E-06,+889.44723E-03,+15.61339208E+00
-772.00E-06,+884.42210E-03,+15.41238706E+00
-771.00E-06,+899.49748E-03,+15.66364334E+00
-770.00E-06,+894.47235E-03,+15.61339208E+00
-769.00E-06,+904.52260E-03,+15.66364334E+00
-768.00E-06,+904.52260E-03,+15.81439711E+00
-767.00E-06,+884.42210E-03,+15.76414585E+00
-766.00E-06,+894.47235E-03,+15.61339208E+00
-765.00E-06,+904.52260E-03,+15.76414585E+00
-764.00E-06,+864.32160E-03,+15.41238706E+00
-763.00E-06,+914.57285E-03,+15.76414585E+00
-762.00E-06,+884.42210E-03,+15.71389460E+00
-761.00E-06,+904.52260E-03,+15.86464837E+00
-760.00E-06,+904.52260E-03,+15.81439711E+00
-759.00E-06,+904.52260E-03,+15.76414585E+00
-758.00E-06,+904.52260E-03,+15.71389460E+00
-757.00E-06,+914.57285E-03,+15.81439711E+00
-756.00E-06,+904.52260E-03,+15.61339208E+00
-755.00E-06,+914.57285E-03,+15.91489962E+00
-754.00E-06,+884.42210E-03,+15.71389460E+00
-753.00E-06,+894.47235E-03,+15.76414585E+00
-752.00E-06,+884.42210E-03,+15.81439711E+00
-751.00E-06,+889.44723E-03,+15.66364334E+00
-750.00E-06,+904.52260E-03,+15.91489962E+00
-749.00E-06,+919.59798E-03,+15.66364334E+00
-748.00E-06,+904.52260E-03,+15.61339208E+00
-747.00E-06,+904.52260E-03,+15.66364334E+00
-746.00E-06,+904.52260E-03,+15.71389460E+00
-745.00E-06,+904.52260E-03,+15.86464837E+00
-744.00E-06,+884.42210E-03,+15.81439711E+00
-743.00E-06,+904.52260E-03,+15.76414585E+00
-742.00E-06,+894.47235E-03,+15.81439711E+00
-741.00E-06,+899.49748E-03,+15.61339208E+00
-740.00E-06,+884.42210E-03,+15.81439711E+00
-739.00E-06,+889.44723E-03,+15.76414585E+00
-738.00E-06,+904.52260E-03,+15.71389460E+00
-737.00E-06,+899.49748E-03,+15.81439711E+00
-736.00E-06,+904.52260E-03,+15.61339208E+00
-735.00E-06,+889.44723E-03,+15.76414585E+00
-734.00E-06,+924.62311E-03,+15.61339208E+00
-733.00E-06,+919.59798E-03,+15.66364334E+00
-732.00E-06,+884.42210E-03,+15.81439711E+00
-731.00E-06,+899.49748E-03,+15.56314083E+00
-730.00E-06,+874.37185E-03,+15.71389460E+00
-729.00E-06,+879.39698E-03,+15.46263831E+00
-728.00E-06,+904.52260E-03,+15.61339208E+00
-727.00E-06,+879.39698E-03,+15.61339208E+00
-726.00E-06,+884.42210E-03,+15.61339208E+00
-725.00E-06,+869.34672E-03,+15.61339208E+00
-724.00E-06,+904.52260E-03,+15.41238706E+00
-723.00E-06,+884.42210E-03,+15.76414585E+00
-722.00E-06,+884.42210E-03,+15.61339208E+00
-721.00E-06,+889.44723E-03,+15.41238706E+00
-720.00E-06,+904.52260E-03,+15.81439711E+00
-719.00E-06,+864.32160E-03,+15.41238706E+00
-718.00E-06,+874.37185E-03,+15.61339208E+00
-717.00E-06,+889.44723E-03,+15.61339208E+00
-716.00E-06,+884.42210E-03,+15.61339208E+00
-715.00E-06,+889.44723E-03,+15.41238706E+00
-714.00E-06,+884.42210E-03,+15.51288957E+00
-713.00E-06,+884.42210E-03,+15.41238706E+00
-712.00E-06,+904.52260E-03,+15.21138203E+00
-711.00E-06,+884.42210E-03,+15.21138203E+00
-710.00E-06,+884.42210E-03,+15.31188454E+00
-709.00E-06,+869.34672E-03,+15.41238706E+00
-708.00E-06,+884.42210E-03,+15.41238706E+00
-707.00E-06,+869.34672E-03,+15.36213580E+00
-706.00E-06,+874.37185E-03,+15.21138203E+00
-705.00E-06,+859.29647E-03,+15.11087952E+00
-704.00E-06,+864.32160E-03,+15.21138203E+00
-703.00E-06,+864.32160E-03,+15.21138203E+00
-702.00E-06,+854.27135E-03,+15.11087952E+00
-701.00E-06,+874.37185E-03,+15.16113077E+00
-700.00E-06,+884.42210E-03,+15.01037700E+00
-699.00E-06,+864.32160E-03,+15.16113077E+00
-698.00E-06,+844.22110E-03,+15.01037700E+00
-697.00E-06,+859.29647E-03,+15.16113077E+00
-696.00E-06,+864.32160E-03,+15.01037700E+00
-695.00E-06,+854.27135E-03,+14.80937198E+00
-694.00E-06,+844.22110E-03,+15.01037700E+00
-693.00E-06,+839.19597E-03,+14.80937198E+00
-692.00E-06,+824.12059E-03,+14.80937198E+00
-691.00E-06,+859.29647E-03,+14.96012575E+00
-690.00E-06,+824.12059E-03,+14.70886946E+00
-689.00E-06,+824.12059E-03,+14.75912072E+00
-688.00E-06,+824.12059E-03,+15.01037700E+00
-687.00E-06,+824.12059E-03,+14.60836695E+00
-686.00E-06,+844.22110E-03,+14.70886946E+00
-685.00E-06,+829.14572E-03,+14.60836695E+00
-684.00E-06,+824.12059E-03,+14.40736192E+00
-683.00E-06,+844.22110E-03,+14.30685941E+00
-682.00E-06,+814.07034E-03,+14.40736192E+00
-681.00E-06,+804.02009E-03,+14.25660815E+00
-680.00E-06,+824.12059E-03,+14.40736192E+00
-679.00E-06,+834.17085E-03,+14.35711067E+00
-678.00E-06,+793.96984E-03,+14.20635690E+00
-677.00E-06,+788.94472E-03,+14.15610564E+00
-676.00E-06,+804.02009E-03,+14.20635690E+00
-675.00E-06,+804.02009E-03,+14.25660815E+00
-674.00E-06,+793.96984E-03,+14.10585438E+00
-673.00E-06,+804.02009E-03,+14.00535187E+00
-672.00E-06,+783.91959E-03,+14.00535187E+00
-671.00E-06,+798.99497E-03,+13.95510061E+00
-670.00E-06,+804.02009E-03,+14.00535187E+00
-669.00E-06,+798.99497E-03,+13.95510061E+00
-668.00E-06,+763.81909E-03,+13.80434684E+00
-667.00E-06,+783.91959E-03,+13.80434684E+00
-666.00E-06,+783.91959E-03,+13.70384433E+00
-665.00E-06,+768.84421E-03,+13.60334182E+00
-664.00E-06,+783.91959E-03,+13.80434684E+00
-663.00E-06,+763.81909E-03,+13.60334182E+00
-662.00E-06,+773.86934E-03,+13.70384433E+00
-661.00E-06,+768.84421E-03,+13.60334182E+00
-660.00E-06,+743.71858E-03,+13.60334182E+00
-659.00E-06,+758.79396E-03,+13.35208553E+00
-658.00E-06,+773.86934E-03,+13.20133176E+00
-657.00E-06,+763.81909E-03,+13.20133176E+00
-656.00E-06,+743.71859E-03,+13.20133176E+00
-655.00E-06,+738.69346E-03,+13.00032674E+00
-654.00E-06,+743.71858E-03,+12.89982422E+00
-653.00E-06,+748.74371E-03,+13.20133176E+00
-652.00E-06,+723.61808E-03,+13.00032674E+00
-651.00E-06,+723.61808E-03,+13.00032674E+00
-650.00E-06,+743.71858E-03,+12.79932171E+00
-649.00E-06,+723.61808E-03,+12.74907045E+00
-648.00E-06,+703.51758E-03,+13.00032674E+00
-647.00E-06,+723.61808E-03,+12.74907045E+00
-646.00E-06,+723.61808E-03,+12.59831668E+00
-645.00E-06,+738.69346E-03,+12.59831668E+00
-644.00E-06,+723.61808E-03,+12.59831668E+00
-643.00E-06,+703.51758E-03,+12.44756291E+00
-642.00E-06,+703.51758E-03,+12.59831668E+00
-641.00E-06,+698.49245E-03,+12.39731166E+00
-640.00E-06,+703.51758E-03,+11.99530160E+00
-639.00E-06,+698.49245E-03,+12.24655789E+00
-638.00E-06,+673.36683E-03,+12.09580412E+00
-637.00E-06,+688.44220E-03,+12.04555286E+00
-636.00E-06,+663.31658E-03,+11.99530160E+00
-635.00E-06,+678.39195E-03,+12.14605537E+00
-634.00E-06,+683.41708E-03,+11.89479909E+00
-633.00E-06,+668.34170E-03,+11.59329155E+00
-632.00E-06,+703.51758E-03,+11.79429658E+00
-631.00E-06,+648.24120E-03,+11.59329155E+00
-630.00E-06,+663.31658E-03,+11.49278904E+00
-629.00E-06,+643.21607E-03,+11.59329155E+00
-628.00E-06,+643.21607E-03,+11.19128150E+00
-627.00E-06,+648.24120E-03,+11.39228652E+00
-626.00E-06,+643.21607E-03,+11.39228652E+00
-625.00E-06,+608.04019E-03,+11.19128150E+00
-624.00E-06,+623.11557E-03,+11.39228652E+00
-623.00E-06,+623.11557E-03,+10.99027647E+00
-622.00E-06,+633.16582E-03,+11.09077898E+00
-621.00E-06,+618.09045E-03,+10.83952270E+00
-620.00E-06,+582.91457E-03,+10.99027647E+00
-619.00E-06,+618.09045E-03,+10.99027647E+00
-618.00E-06,+623.11557E-03,+10.88977396E+00
-617.00E-06,+603.01507E-03,+10.53801516E+00
-616.00E-06,+603.01507E-03,+10.58826642E+00
-615.00E-06,+597.98994E-03,+10.58826642E+00
-614.00E-06,+603.01507E-03,+10.68876893E+00
-613.00E-06,+603.01507E-03,+10.53801516E+00
-612.00E-06,+582.91457E-03,+10.38726139E+00
-611.00E-06,+587.93969E-03,+10.33701013E+00
-610.00E-06,+572.86432E-03,+10.18625636E+00
-609.00E-06,+577.88944E-03,+10.13600511E+00
-608.00E-06,+562.81406E-03,+9.98525134E+00
-607.00E-06,+547.73869E-03,+9.93500008E+00
-606.00E-06,+552.76381E-03,+9.88474882E+00
-605.00E-06,+562.81406E-03,+9.88474882E+00
-604.00E-06,+562.81406E-03,+9.78424631E+00
-603.00E-06,+557.78894E-03,+9.63349254E+00
-602.00E-06,+532.66331E-03,+9.38223626E+00
-601.00E-06,+557.78894E-03,+9.48273877E+00
-600.00E-06,+542.71356E-03,+9.38223626E+00
-599.00E-06,+527.63819E-03,+9.33198500E+00
-598.00E-06,+512.56281E-03,+9.08072872E+00
-597.00E-06,+532.66331E-03,+9.13097997E+00
-596.00E-06,+522.61306E-03,+9.18123123E+00
-595.00E-06,+497.48743E-03,+8.98022620E+00
-594.00E-06,+512.56281E-03,+8.98022620E+00
-593.00E-06,+502.51256E-03,+8.77922118E+00
-592.00E-06,+462.31155E-03,+8.77922118E+00
-591.00E-06,+482.41206E-03,+8.52796489E+00
-590.00E-06,+492.46231E-03,+8.57821615E+00
-589.00E-06,+482.41206E-03,+8.37721112E+00
-588.00E-06,+482.41206E-03,+8.37721112E+00
-587.00E-06,+447.23618E-03,+8.32695987E+00
-586.00E-06,+452.26130E-03,+8.17620610E+00
-585.00E-06,+477.38693E-03,+8.12595484E+00
-584.00E-06,+442.21105E-03,+7.97520107E+00
-583.00E-06,+457.28643E-03,+7.92494981E+00
-582.00E-06,+432.16080E-03,+7.87469856E+00
-581.00E-06,+452.26130E-03,+7.72394479E+00
-580.00E-06,+442.21105E-03,+7.77419604E+00
-579.00E-06,+422.11055E-03,+7.62344227E+00
-578.00E-06,+402.01005E-03,+7.47268850E+00
-577.00E-06,+407.03517E-03,+7.22143222E+00
-576.00E-06,+422.11055E-03,+7.37218599E+00
-575.00E-06,+407.03517E-03,+7.17118096E+00
-574.00E-06,+402.01005E-03,+7.17118096E+00
-573.00E-06,+402.01005E-03,+7.07067845E+00
-572.00E-06,+361.80904E-03,+7.17118096E+00
-571.00E-06,+396.98492E-03,+6.81942217E+00
-570.00E-06,+391.95979E-03,+6.76917091E+00
-569.00E-06,+361.80904E-03,+6.56816588E+00
-568.00E-06,+381.90954E-03,+6.56816588E+00
-567.00E-06,+376.88442E-03,+6.56816588E+00
-566.00E-06,+361.80904E-03,+6.46766337E+00
-565.00E-06,+356.78392E-03,+6.21640709E+00
-564.00E-06,+361.80904E-03,+6.16615583E+00
-563.00E-06,+341.70854E-03,+6.16615583E+00
-562.00E-06,+321.60804E-03,+6.26665834E+00
-561.00E-06,+341.70854E-03,+5.81439703E+00
-560.00E-06,+341.70854E-03,+5.96515080E+00
-559.00E-06,+306.53266E-03,+5.91489955E+00
-558.00E-06,+321.60804E-03,+5.66364326E+00
-557.00E-06,+301.50753E-03,+5.56314075E+00
-556.00E-06,+321.60804E-03,+5.56314075E+00
-555.00E-06,+286.43216E-03,+5.41238698E+00
-554.00E-06,+301.50753E-03,+5.46263824E+00
-553.00E-06,+286.43216E-03,+5.06062818E+00
-552.00E-06,+301.50753E-03,+5.36213572E+00
-551.00E-06,+271.35678E-03,+5.11087944E+00
-550.00E-06,+291.45728E-03,+4.96012567E+00
-549.00E-06,+261.30653E-03,+4.70886939E+00
-548.00E-06,+261.30653E-03,+4.75912064E+00
-547.00E-06,+256.28140E-03,+4.75912064E+00
-546.00E-06,+241.20603E-03,+4.55811562E+00
-545.00E-06,+241.20603E-03,+4.55811562E+00
-544.00E-06,+261.30653E-03,+4.35711059E+00
-543.00E-06,+231.15578E-03,+4.30685933E+00
-542.00E-06,+221.10553E-03,+4.15610556E+00
-541.00E-06,+211.05527E-03,+4.10585431E+00
-540.00E-06,+221.10553E-03,+3.95510054E+00
-539.00E-06,+185.92965E-03,+4.10585431E+00
-538.00E-06,+221.10553E-03,+3.65359300E+00
-537.00E-06,+206.03015E-03,+3.70384425E+00
-536.00E-06,+221.10553E-03,+3.55309048E+00
-535.00E-06,+185.92965E-03,+3.55309048E+00
-534.00E-06,+180.90452E-03,+3.35208546E+00
-533.00E-06,+195.97990E-03,+3.50283923E+00
-532.00E-06,+160.80402E-03,+3.15108043E+00
-531.00E-06,+185.92965E-03,+3.15108043E+00
-530.00E-06,+140.70352E-03,+2.95007540E+00
-529.00E-06,+155.77889E-03,+2.95007540E+00
-528.00E-06,+160.80402E-03,+2.74907038E+00
-527.00E-06,+155.77889E-03,+2.74907038E+00
-526.00E-06,+150.75377E-03,+2.54806535E+00
-525.00E-06,+125.62814E-03,+2.49781409E+00
-524.00E-06,+120.60301E-03,+2.54806535E+00
-523.00E-06,+115.57789E-03,+2.34706032E+00
-522.00E-06,+120.60301E-03,+2.24655781E+00
-521.00E-06,+115.57789E-03,+2.19630655E+00
-520.00E-06,+120.60301E-03,+1.94505027E+00
-519.00E-06,+100.50251E-03,+1.94505027E+00
-518.00E-06,+90.45226E-03,+1.84454776E+00
-517.00E-06,+100.50251E-03,+1.54304022E+00
-516.00E-06,+80.40201E-03,+1.54304022E+00
-515.00E-06,+85.42713E-03,+1.54304022E+00
-514.00E-06,+80.40201E-03,+1.34203519E+00
-513.00E-06,+75.37688E-03,+1.34203519E+00
-512.00E-06,+60.30151E-03,+1.14103016E+00
-511.00E-06,+70.35176E-03,+940.02514E-03
-510.00E-06,+50.25126E-03,+1.14103016E+00
-509.00E-06,+25.12563E-03,+940.02514E-03
-508.00E-06,+40.20100E-03,+739.02011E-03
-507.00E-06,+40.20100E-03,+588.26634E-03
-506.00E-06,+30.15075E-03,+538.01508E-03
-505.00E-06,+20.10050E-03,+337.01006E-03
-504.00E-06,+20.10050E-03,+136.00503E-03
-503.00E-06,+15.07538E-03,+286.75880E-03
-502.00E-06,-10.05025E-03,+236.50754E-03
-501.00E-06,+0.0E+00,-14.74874E-03
-500.00E-06,+0.0E+00,-65.00000E-03
-499.00E-06,-15.07538E-03,-115.25125E-03
-498.00E-06,-20.10050E-03,-266.00502E-03
-497.00E-06,-20.10050E-03,-266.00502E-03
-496.00E-06,-20.10050E-03,-467.01005E-03
-495.00E-06,-65.32663E-03,-316.25628E-03
-494.00E-06,-30.15075E-03,-567.51256E-03
-493.00E-06,-60.30151E-03,-668.01508E-03
-492.00E-06,-40.20100E-03,-668.01508E-03
-491.00E-06,-40.20100E-03,-567.51256E-03
-490.00E-06,-60.30151E-03,-969.52262E-03
-489.00E-06,-80.40201E-03,-1.07002513E+00
-488.00E-06,-60.30151E-03,-1.07002513E+00
-487.00E-06,-60.30151E-03,-1.27103016E+00
-486.00E-06,-70.35176E-03,-1.27103016E+00
-485.00E-06,-85.42713E-03,-1.42178393E+00
-484.00E-06,-100.50251E-03,-1.67304021E+00
-483.00E-06,-100.50251E-03,-1.82379398E+00
-482.00E-06,-100.50251E-03,-1.57253770E+00
-481.00E-06,-120.60301E-03,-1.67304021E+00
-480.00E-06,-120.60301E-03,-1.87404524E+00
-479.00E-06,-120.60301E-03,-2.07505026E+00
-478.00E-06,-140.70352E-03,-2.17555278E+00
-477.00E-06,-120.60301E-03,-2.22580403E+00
-476.00E-06,-140.70352E-03,-2.27605529E+00
-475.00E-06,-140.70352E-03,-2.32630655E+00
-474.00E-06,-160.80402E-03,-2.37655780E+00
-473.00E-06,-145.72864E-03,-2.67806534E+00
-472.00E-06,-160.80402E-03,-2.87907037E+00
-471.00E-06,-160.80402E-03,-2.87907037E+00
-470.00E-06,-160.80402E-03,-2.97957288E+00
-469.00E-06,-180.90452E-03,-2.92932163E+00
-468.00E-06,-160.80402E-03,-3.08007540E+00
-467.00E-06,-185.92965E-03,-3.23082917E+00
-466.00E-06,-190.95477E-03,-3.28108042E+00
-465.00E-06,-221.10553E-03,-3.58258796E+00
-464.00E-06,-201.00502E-03,-3.68309048E+00
-463.00E-06,-206.03015E-03,-3.48208545E+00
-462.00E-06,-221.10553E-03,-3.78359299E+00
-461.00E-06,-221.10553E-03,-3.88409550E+00
-460.00E-06,-201.00502E-03,-3.88409550E+00
-459.00E-06,-226.13065E-03,-4.08510053E+00
-458.00E-06,-261.30653E-03,-4.08510053E+00
-457.00E-06,-256.28140E-03,-4.08510053E+00
-456.00E-06,-241.20603E-03,-4.48711058E+00
-455.00E-06,-256.28140E-03,-4.33635682E+00
-454.00E-06,-261.30653E-03,-4.48711058E+00
-453.00E-06,-261.30653E-03,-4.68811561E+00
-452.00E-06,-261.30653E-03,-4.68811561E+00
-451.00E-06,-276.38191E-03,-4.53736184E+00
-450.00E-06,-281.40703E-03,-4.88912064E+00
-449.00E-06,-306.53266E-03,-4.88912064E+00
-448.00E-06,-301.50753E-03,-4.88912064E+00
-447.00E-06,-321.60804E-03,-5.09012567E+00
-446.00E-06,-301.50753E-03,-5.19062818E+00
-445.00E-06,-321.60804E-03,-5.29113069E+00
-444.00E-06,-341.70854E-03,-5.29113069E+00
-443.00E-06,-336.68341E-03,-5.69314075E+00
-442.00E-06,-321.60804E-03,-5.69314075E+00
-441.00E-06,-341.70854E-03,-5.79364326E+00
-440.00E-06,-341.70854E-03,-5.89414577E+00
-439.00E-06,-341.70854E-03,-5.79364326E+00
-438.00E-06,-351.75879E-03,-6.09515080E+00
-437.00E-06,-371.85929E-03,-6.09515080E+00
-436.00E-06,-361.80904E-03,-6.29615583E+00
-435.00E-06,-361.80904E-03,-6.29615583E+00
-434.00E-06,-371.85929E-03,-6.39665834E+00
-433.00E-06,-376.88442E-03,-6.49716085E+00
-432.00E-06,-402.01005E-03,-6.29615583E+00
-431.00E-06,-402.01005E-03,-6.64791462E+00
-430.00E-06,-402.01005E-03,-6.69816588E+00
-429.00E-06,-402.01005E-03,-7.04992468E+00
-428.00E-06,-402.01005E-03,-6.89917091E+00
-427.00E-06,-391.95979E-03,-7.10017593E+00
-426.00E-06,-412.06030E-03,-7.10017593E+00
-425.00E-06,-422.11055E-03,-7.30118096E+00
-424.00E-06,-422.11055E-03,-7.30118096E+00
-423.00E-06,-422.11055E-03,-7.35143222E+00
-422.00E-06,-422.11055E-03,-7.50218599E+00
-421.00E-06,-437.18592E-03,-7.60268850E+00
-420.00E-06,-462.31155E-03,-7.90419604E+00
-419.00E-06,-472.36180E-03,-7.70319101E+00
-418.00E-06,-452.26130E-03,-7.90419604E+00
-417.00E-06,-457.28643E-03,-7.85394478E+00
-416.00E-06,-462.31155E-03,-7.90419604E+00
-415.00E-06,-482.41206E-03,-8.00469855E+00
-414.00E-06,-462.31155E-03,-8.10520107E+00
-413.00E-06,-482.41206E-03,-8.25595484E+00
-412.00E-06,-502.51256E-03,-8.50721112E+00
-411.00E-06,-502.51256E-03,-8.45695986E+00
-410.00E-06,-482.41206E-03,-8.50721112E+00
-409.00E-06,-502.51256E-03,-8.55746238E+00
-408.00E-06,-502.51256E-03,-8.50721112E+00
-407.00E-06,-502.51256E-03,-8.70821615E+00
-406.00E-06,-512.56281E-03,-8.70821615E+00
-405.00E-06,-527.63819E-03,-8.90922117E+00
-404.00E-06,-522.61306E-03,-9.31123123E+00
-403.00E-06,-532.66331E-03,-9.16047746E+00
-402.00E-06,-532.66331E-03,-9.00972369E+00
-401.00E-06,-542.71356E-03,-9.31123123E+00
-400.00E-06,-542.71356E-03,-9.31123123E+00
-399.00E-06,-527.63819E-03,-9.46198500E+00
-398.00E-06,-542.71356E-03,-9.51223625E+00
-397.00E-06,-547.73869E-03,-9.51223625E+00
-396.00E-06,-562.81406E-03,-9.71324128E+00
-395.00E-06,-582.91457E-03,-9.71324128E+00
-394.00E-06,-572.86432E-03,-9.71324128E+00
-393.00E-06,-587.93969E-03,-9.76349254E+00
-392.00E-06,-582.91457E-03,-9.91424631E+00
-391.00E-06,-577.88944E-03,-9.96449756E+00
-390.00E-06,-592.96482E-03,-10.31625636E+00
-389.00E-06,-582.91457E-03,-10.31625636E+00
-388.00E-06,-603.01507E-03,-10.31625636E+00
-387.00E-06,-587.93969E-03,-10.36650762E+00
-386.00E-06,-613.06532E-03,-10.41675887E+00
-385.00E-06,-608.04019E-03,-10.46701013E+00
-384.00E-06,-623.11557E-03,-10.71826641E+00
-383.00E-06,-603.01507E-03,-10.66801516E+00
-382.00E-06,-633.16582E-03,-10.71826641E+00
-381.00E-06,-608.04019E-03,-10.76851767E+00
-380.00E-06,-623.11557E-03,-11.12027647E+00
-379.00E-06,-643.21607E-03,-11.12027647E+00
-378.00E-06,-653.26632E-03,-10.91927144E+00
-377.00E-06,-648.24120E-03,-11.27103024E+00
-376.00E-06,-623.11557E-03,-11.32128149E+00
-375.00E-06,-648.24120E-03,-11.27103024E+00
-374.00E-06,-673.36683E-03,-11.42178401E+00
-373.00E-06,-663.31658E-03,-11.32128149E+00
-372.00E-06,-663.31658E-03,-11.52228652E+00
-371.00E-06,-663.31658E-03,-11.52228652E+00
-370.00E-06,-673.36683E-03,-11.42178401E+00
-369.00E-06,-683.41708E-03,-11.67304029E+00
-368.00E-06,-663.31658E-03,-11.72329155E+00
-367.00E-06,-683.41708E-03,-11.72329155E+00
-366.00E-06,-683.41708E-03,-11.92429657E+00
-365.00E-06,-688.44220E-03,-11.72329155E+00
-364.00E-06,-683.41708E-03,-11.92429657E+00
-363.00E-06,-698.49245E-03,-12.12530160E+00
-362.00E-06,-683.41708E-03,-11.92429657E+00
-361.00E-06,-703.51758E-03,-12.17555286E+00
-360.00E-06,-703.51758E-03,-12.12530160E+00
-359.00E-06,-708.54271E-03,-12.32630663E+00
-358.00E-06,-713.56783E-03,-12.52731165E+00
-357.00E-06,-718.59296E-03,-12.52731165E+00
-356.00E-06,-743.71858E-03,-12.32630663E+00
-355.00E-06,-728.64321E-03,-12.57756291E+00
-354.00E-06,-743.71858E-03,-12.62781417E+00
-353.00E-06,-758.79396E-03,-12.87907045E+00
-352.00E-06,-723.61808E-03,-12.72831668E+00
-351.00E-06,-748.74371E-03,-12.87907045E+00
-350.00E-06,-743.71858E-03,-13.13032673E+00
-349.00E-06,-743.71858E-03,-12.92932171E+00
-348.00E-06,-763.81909E-03,-13.13032673E+00
-347.00E-06,-763.81909E-03,-13.08007548E+00
-346.00E-06,-763.81909E-03,-13.13032673E+00
-345.00E-06,-768.84421E-03,-13.13032673E+00
-344.00E-06,-804.02009E-03,-13.33133176E+00
-343.00E-06,-773.86934E-03,-13.33133176E+00
-342.00E-06,-773.86934E-03,-13.53233679E+00
-341.00E-06,-778.89446E-03,-13.33133176E+00
-340.00E-06,-783.91959E-03,-13.53233679E+00
-339.00E-06,-788.94472E-03,-13.48208553E+00
-338.00E-06,-793.96984E-03,-13.63283930E+00
-337.00E-06,-798.99497E-03,-13.73334181E+00
-336.00E-06,-783.91959E-03,-13.73334181E+00
-335.00E-06,-798.99497E-03,-13.93434684E+00
-334.00E-06,-793.96984E-03,-13.73334181E+00
-333.00E-06,-788.94472E-03,-13.73334181E+00
-332.00E-06,-824.12059E-03,-13.73334181E+00
-331.00E-06,-809.04522E-03,-13.93434684E+00
-330.00E-06,-814.07034E-03,-14.03484935E+00
-329.00E-06,-804.02009E-03,-13.93434684E+00
-328.00E-06,-824.12059E-03,-14.13535187E+00
-327.00E-06,-804.02009E-03,-13.98459810E+00
-326.00E-06,-824.12059E-03,-14.03484935E+00
-325.00E-06,-829.14572E-03,-14.18560312E+00
-324.00E-06,-824.12059E-03,-14.13535187E+00
-323.00E-06,-849.24622E-03,-14.33635689E+00
-322.00E-06,-824.12059E-03,-14.43685941E+00
-321.00E-06,-839.19597E-03,-14.38660815E+00
-320.00E-06,-844.22110E-03,-14.53736192E+00
-319.00E-06,-844.22110E-03,-14.33635689E+00
-318.00E-06,-844.22110E-03,-14.53736192E+00
-317.00E-06,-859.29647E-03,-14.53736192E+00
-316.00E-06,-824.12059E-03,-14.73836695E+00
-315.00E-06,-844.22110E-03,-14.73836695E+00
-314.00E-06,-854.27135E-03,-14.63786443E+00
-313.00E-06,-829.14572E-03,-14.73836695E+00
-312.00E-06,-844.22110E-03,-14.73836695E+00
-311.00E-06,-844.22110E-03,-14.78861820E+00
-310.00E-06,-854.27135E-03,-15.03987449E+00
-309.00E-06,-849.24622E-03,-14.78861820E+00
-308.00E-06,-844.22110E-03,-14.73836695E+00
-307.00E-06,-869.34672E-03,-14.98962323E+00
-306.00E-06,-864.32160E-03,-14.93937197E+00
-305.00E-06,-864.32160E-03,-14.98962323E+00
-304.00E-06,-844.22110E-03,-15.14037700E+00
-303.00E-06,-859.29647E-03,-15.09012574E+00
-302.00E-06,-884.42210E-03,-15.24087951E+00
-301.00E-06,-869.34672E-03,-15.19062826E+00
-300.00E-06,-904.52260E-03,-15.14037700E+00
-299.00E-06,-869.34672E-03,-15.49213580E+00
-298.00E-06,-894.47235E-03,-15.24087951E+00
-297.00E-06,-874.37185E-03,-15.49213580E+00
-296.00E-06,-904.52260E-03,-15.34138203E+00
-295.00E-06,-874.37185E-03,-15.29113077E+00
-294.00E-06,-894.47235E-03,-15.44188454E+00
-293.00E-06,-899.49748E-03,-15.54238705E+00
-292.00E-06,-904.52260E-03,-15.54238705E+00
-291.00E-06,-869.34672E-03,-15.34138203E+00
-290.00E-06,-884.42210E-03,-15.44188454E+00
-289.00E-06,-884.42210E-03,-15.54238705E+00
-288.00E-06,-884.42210E-03,-15.54238705E+00
-287.00E-06,-889.44723E-03,-15.69314082E+00
-286.00E-06,-904.52260E-03,-15.74339208E+00
-285.00E-06,-884.42210E-03,-15.54238705E+00
-284.00E-06,-904.52260E-03,-15.34138203E+00
-283.00E-06,-904.52260E-03,-15.74339208E+00
-282.00E-06,-904.52260E-03,-15.64288957E+00
-281.00E-06,-919.59798E-03,-15.89414585E+00
-280.00E-06,-904.52260E-03,-15.74339208E+00
-279.00E-06,-914.57285E-03,-15.64288957E+00
-278.00E-06,-924.62311E-03,-15.84389459E+00
-277.00E-06,-909.54773E-03,-15.74339208E+00
-276.00E-06,-924.62311E-03,-15.94439711E+00
-275.00E-06,-904.52260E-03,-15.79364334E+00
-274.00E-06,-904.52260E-03,-15.84389459E+00
-273.00E-06,-909.54773E-03,-15.74339208E+00
-272.00E-06,-944.72361E-03,-15.74339208E+00
-271.00E-06,-909.54773E-03,-15.59263831E+00
-270.00E-06,-914.57285E-03,-15.84389459E+00
-269.00E-06,-904.52260E-03,-15.74339208E+00
-268.00E-06,-924.62311E-03,-15.94439711E+00
-267.00E-06,-924.62311E-03,-16.09515088E+00
-266.00E-06,-924.62311E-03,-15.94439711E+00
-265.00E-06,-924.62311E-03,-15.99464836E+00
-264.00E-06,-924.62311E-03,-15.74339208E+00
-263.00E-06,-924.62311E-03,-15.94439711E+00
-262.00E-06,-904.52260E-03,-16.04489962E+00
-261.00E-06,-904.52260E-03,-15.79364334E+00
-260.00E-06,-924.62311E-03,-15.94439711E+00
-259.00E-06,-944.72361E-03,-15.94439711E+00
-258.00E-06,-914.57285E-03,-16.04489962E+00
-257.00E-06,-909.54773E-03,-15.99464836E+00
-256.00E-06,-924.62311E-03,-15.94439711E+00
-255.00E-06,-924.62311E-03,-15.94439711E+00
-254.00E-06,-934.67336E-03,-15.94439711E+00
-253.00E-06,-924.62311E-03,-16.09515088E+00
-252.00E-06,-924.62311E-03,-15.94439711E+00
-251.00E-06,-929.64823E-03,-16.19565339E+00
-250.00E-06,-944.72361E-03,-16.04489962E+00
-249.00E-06,-924.62311E-03,-16.09515088E+00
-248.00E-06,-944.72361E-03,-15.94439711E+00
-247.00E-06,-924.62311E-03,-16.14540213E+00
-246.00E-06,-924.62311E-03,-15.94439711E+00
-245.00E-06,-924.62311E-03,-15.94439711E+00
-244.00E-06,-924.62311E-03,-16.14540213E+00
-243.00E-06,-934.67336E-03,-16.09515088E+00
-242.00E-06,-924.62311E-03,-16.04489962E+00
-241.00E-06,-924.62311E-03,-15.94439711E+00
-240.00E-06,-944.72361E-03,-15.94439711E+00
-239.00E-06,-924.62311E-03,-15.79364334E+00
-238.00E-06,-934.67336E-03,-15.94439711E+00
-237.00E-06,-924.62311E-03,-15.94439711E+00
-236.00E-06,-924.62311E-03,-15.94439711E+00
-235.00E-06,-939.69848E-03,-15.84389459E+00
-234.00E-06,-934.67336E-03,-15.94439711E+00
-233.00E-06,-924.62311E-03,-15.79364334E+00
-232.00E-06,-904.52260E-03,-15.94439711E+00
-231.00E-06,-919.59798E-03,-15.79364334E+00
-230.00E-06,-934.67336E-03,-16.04489962E+00
-229.00E-06,-924.62311E-03,-15.94439711E+00
-228.00E-06,-924.62311E-03,-15.74339208E+00
-227.00E-06,-924.62311E-03,-15.94439711E+00
-226.00E-06,-924.62311E-03,-16.14540213E+00
-225.00E-06,-924.62311E-03,-15.94439711E+00
-224.00E-06,-904.52260E-03,-15.94439711E+00
-223.00E-06,-919.59798E-03,-15.74339208E+00
-222.00E-06,-924.62311E-03,-15.84389459E+00
-221.00E-06,-919.59798E-03,-15.74339208E+00
-220.00E-06,-884.42210E-03,-15.94439711E+00
-219.00E-06,-904.52260E-03,-15.94439711E+00
-218.00E-06,-914.57285E-03,-15.74339208E+00
-217.00E-06,-904.52260E-03,-15.89414585E+00
-216.00E-06,-904.52260E-03,-15.74339208E+00
-215.00E-06,-924.62311E-03,-15.54238705E+00
-214.00E-06,-904.52260E-03,-15.74339208E+00
-213.00E-06,-919.59798E-03,-15.69314082E+00
-212.00E-06,-924.62311E-03,-15.74339208E+00
-211.00E-06,-909.54773E-03,-15.54238705E+00
-210.00E-06,-894.47235E-03,-15.54238705E+00
-209.00E-06,-919.59798E-03,-15.79364334E+00
-208.00E-06,-884.42210E-03,-15.54238705E+00
-207.00E-06,-889.44723E-03,-15.54238705E+00
-206.00E-06,-914.57285E-03,-15.74339208E+00
-205.00E-06,-904.52260E-03,-15.49213580E+00
-204.00E-06,-884.42210E-03,-15.34138203E+00
-203.00E-06,-889.44723E-03,-15.54238705E+00
-202.00E-06,-874.37185E-03,-15.44188454E+00
-201.00E-06,-899.49748E-03,-15.39163328E+00
-200.00E-06,-884.42210E-03,-15.34138203E+00
-199.00E-06,-899.49748E-03,-15.29113077E+00
-198.00E-06,-884.42210E-03,-15.34138203E+00
-197.00E-06,-879.39698E-03,-15.19062826E+00
-196.00E-06,-884.42210E-03,-15.34138203E+00
-195.00E-06,-884.42210E-03,-15.39163328E+00
-194.00E-06,-874.37185E-03,-15.14037700E+00
-193.00E-06,-899.49748E-03,-15.19062826E+00
-192.00E-06,-864.32160E-03,-14.93937197E+00
-191.00E-06,-849.24622E-03,-15.14037700E+00
-190.00E-06,-864.32160E-03,-15.14037700E+00
-189.00E-06,-864.32160E-03,-14.78861820E+00
-188.00E-06,-864.32160E-03,-15.14037700E+00
-187.00E-06,-849.24622E-03,-15.03987449E+00
-186.00E-06,-844.22110E-03,-14.93937197E+00
-185.00E-06,-879.39698E-03,-14.88912072E+00
-184.00E-06,-844.22110E-03,-14.73836695E+00
-183.00E-06,-844.22110E-03,-14.73836695E+00
-182.00E-06,-854.27135E-03,-14.73836695E+00
-181.00E-06,-859.29647E-03,-14.73836695E+00
-180.00E-06,-844.22110E-03,-14.73836695E+00
-179.00E-06,-844.22110E-03,-14.58761318E+00
-178.00E-06,-824.12059E-03,-14.43685941E+00
-177.00E-06,-844.22110E-03,-14.53736192E+00
-176.00E-06,-804.02009E-03,-14.53736192E+00
-175.00E-06,-829.14572E-03,-14.48711066E+00
-174.00E-06,-844.22110E-03,-14.33635689E+00
-173.00E-06,-824.12059E-03,-14.43685941E+00
-172.00E-06,-804.02009E-03,-14.33635689E+00
-171.00E-06,-844.22110E-03,-14.18560312E+00
-170.00E-06,-804.02009E-03,-14.23585438E+00
-169.00E-06,-829.14572E-03,-14.08510061E+00
-168.00E-06,-824.12059E-03,-13.93434684E+00
-167.00E-06,-819.09547E-03,-14.13535187E+00
-166.00E-06,-814.07034E-03,-13.93434684E+00
-165.00E-06,-804.02009E-03,-13.73334181E+00
-164.00E-06,-783.91959E-03,-13.93434684E+00
-163.00E-06,-788.94472E-03,-13.93434684E+00
-162.00E-06,-824.12059E-03,-13.93434684E+00
-161.00E-06,-804.02009E-03,-13.73334181E+00
-160.00E-06,-824.12059E-03,-13.53233679E+00
-159.00E-06,-798.99497E-03,-13.53233679E+00
-158.00E-06,-783.91959E-03,-13.73334181E+00
-157.00E-06,-778.89446E-03,-13.53233679E+00
-156.00E-06,-763.81909E-03,-13.53233679E+00
-155.00E-06,-783.91959E-03,-13.58258804E+00
-154.00E-06,-773.86934E-03,-13.53233679E+00
-153.00E-06,-778.89446E-03,-13.48208553E+00
-152.00E-06,-783.91959E-03,-13.33133176E+00
-151.00E-06,-773.86934E-03,-13.18057799E+00
-150.00E-06,-753.76884E-03,-13.23082925E+00
-149.00E-06,-748.74371E-03,-13.33133176E+00
-148.00E-06,-743.71858E-03,-13.13032673E+00
-147.00E-06,-758.79396E-03,-12.92932171E+00
-146.00E-06,-723.61808E-03,-12.82881919E+00
-145.00E-06,-743.71858E-03,-12.72831668E+00
-144.00E-06,-743.71859E-03,-12.92932171E+00
-143.00E-06,-743.71858E-03,-12.62781417E+00
-142.00E-06,-763.81909E-03,-12.62781417E+00
-141.00E-06,-738.69346E-03,-12.72831668E+00
-140.00E-06,-723.61808E-03,-12.52731165E+00
-139.00E-06,-718.59296E-03,-12.52731165E+00
-138.00E-06,-723.61808E-03,-12.32630663E+00
-137.00E-06,-753.76884E-03,-12.42680914E+00
-136.00E-06,-723.61808E-03,-12.12530160E+00
-135.00E-06,-708.54271E-03,-12.27605537E+00
-134.00E-06,-703.51758E-03,-12.22580411E+00
-133.00E-06,-673.36683E-03,-12.27605537E+00
-132.00E-06,-683.41708E-03,-11.92429657E+00
-131.00E-06,-713.56783E-03,-12.07505034E+00
-130.00E-06,-663.31658E-03,-12.02479909E+00
-129.00E-06,-698.49245E-03,-11.92429657E+00
-128.00E-06,-663.31658E-03,-11.72329155E+00
-127.00E-06,-673.36683E-03,-11.72329155E+00
-126.00E-06,-673.36683E-03,-11.72329155E+00
-125.00E-06,-658.29145E-03,-11.37153275E+00
-124.00E-06,-663.31658E-03,-11.52228652E+00
-123.00E-06,-648.24120E-03,-11.52228652E+00
-122.00E-06,-663.31658E-03,-11.32128149E+00
-121.00E-06,-663.31658E-03,-11.52228652E+00
-120.00E-06,-663.31658E-03,-11.12027647E+00
-119.00E-06,-643.21607E-03,-11.12027647E+00
-118.00E-06,-653.26632E-03,-11.22077898E+00
-117.00E-06,-628.14070E-03,-11.12027647E+00
-116.00E-06,-643.21607E-03,-10.91927144E+00
-115.00E-06,-643.21607E-03,-10.96952270E+00
-114.00E-06,-613.06532E-03,-10.81876893E+00
-113.00E-06,-633.16582E-03,-10.66801516E+00
-112.00E-06,-623.11557E-03,-10.71826641E+00
-111.00E-06,-618.09045E-03,-10.51726139E+00
-110.00E-06,-613.06532E-03,-10.61776390E+00
-109.00E-06,-603.01507E-03,-10.46701013E+00
-108.00E-06,-603.01507E-03,-10.31625636E+00
-107.00E-06,-587.93969E-03,-10.31625636E+00
-106.00E-06,-603.01507E-03,-10.41675887E+00
-105.00E-06,-582.91457E-03,-10.31625636E+00
-104.00E-06,-603.01507E-03,-10.11525133E+00
-103.00E-06,-572.86432E-03,-10.06500008E+00
-102.00E-06,-582.91457E-03,-9.81374379E+00
-101.00E-06,-552.76381E-03,-9.91424631E+00
-100.00E-06,-582.91457E-03,-9.71324128E+00
-99.00E-06,-567.83919E-03,-9.66299002E+00
-98.00E-06,-542.71356E-03,-9.61273877E+00
-97.00E-06,-547.73869E-03,-9.66299002E+00
-96.00E-06,-542.71356E-03,-9.31123123E+00
-95.00E-06,-547.73869E-03,-9.41173374E+00
-94.00E-06,-542.71356E-03,-9.11022620E+00
-93.00E-06,-547.73869E-03,-9.11022620E+00
-92.00E-06,-542.71356E-03,-9.11022620E+00
-91.00E-06,-522.61306E-03,-9.05997494E+00
-90.00E-06,-522.61306E-03,-9.21072871E+00
-89.00E-06,-507.53768E-03,-8.75846740E+00
-88.00E-06,-502.51256E-03,-8.70821615E+00
-87.00E-06,-522.61306E-03,-8.75846740E+00
-86.00E-06,-502.51256E-03,-8.70821615E+00
-85.00E-06,-517.58793E-03,-8.70821615E+00
-84.00E-06,-482.41206E-03,-8.50721112E+00
-83.00E-06,-497.48743E-03,-8.35645735E+00
-82.00E-06,-482.41206E-03,-8.40670861E+00
-81.00E-06,-477.38693E-03,-8.15545232E+00
-80.00E-06,-462.31155E-03,-8.10520107E+00
-79.00E-06,-477.38693E-03,-8.25595484E+00
-78.00E-06,-462.31155E-03,-7.80369353E+00
-77.00E-06,-467.33668E-03,-7.85394478E+00
-76.00E-06,-442.21105E-03,-7.50218599E+00
-75.00E-06,-442.21105E-03,-7.55243724E+00
-74.00E-06,-432.16080E-03,-7.50218599E+00
-73.00E-06,-442.21105E-03,-7.50218599E+00
-72.00E-06,-442.21105E-03,-7.50218599E+00
-71.00E-06,-432.16080E-03,-7.25092970E+00
-70.00E-06,-422.11055E-03,-7.20067845E+00
-69.00E-06,-407.03517E-03,-7.25092970E+00
-68.00E-06,-381.90954E-03,-6.89917091E+00
-67.00E-06,-402.01005E-03,-6.94942216E+00
-66.00E-06,-391.95979E-03,-6.89917091E+00
-65.00E-06,-381.90954E-03,-6.69816588E+00
-64.00E-06,-402.01005E-03,-6.89917091E+00
-63.00E-06,-376.88442E-03,-6.44690960E+00
-62.00E-06,-371.85929E-03,-6.49716085E+00
-61.00E-06,-381.90954E-03,-6.49716085E+00
-60.00E-06,-361.80904E-03,-6.29615583E+00
-59.00E-06,-376.88442E-03,-6.29615583E+00
-58.00E-06,-351.75879E-03,-6.19565331E+00
-57.00E-06,-346.73366E-03,-6.04489954E+00
-56.00E-06,-361.80904E-03,-6.09515080E+00
-55.00E-06,-336.68341E-03,-5.89414577E+00
-54.00E-06,-331.65829E-03,-5.79364326E+00
-53.00E-06,-331.65829E-03,-5.64288949E+00
-52.00E-06,-321.60804E-03,-5.49213572E+00
-51.00E-06,-321.60804E-03,-5.49213572E+00
-50.00E-06,-291.45728E-03,-5.39163321E+00
-49.00E-06,-321.60804E-03,-5.14037692E+00
-48.00E-06,-301.50753E-03,-5.09012567E+00
-47.00E-06,-301.50753E-03,-5.14037692E+00
-46.00E-06,-291.45728E-03,-5.19062818E+00
-45.00E-06,-281.40703E-03,-4.88912064E+00
-44.00E-06,-281.40703E-03,-4.88912064E+00
-43.00E-06,-286.43216E-03,-4.58761310E+00
-42.00E-06,-261.30653E-03,-4.48711058E+00
-41.00E-06,-246.23115E-03,-4.48711058E+00
-40.00E-06,-261.30653E-03,-4.48711058E+00
-39.00E-06,-271.35678E-03,-4.43685933E+00
-38.00E-06,-231.15578E-03,-4.18560304E+00
-37.00E-06,-241.20603E-03,-4.08510053E+00
-36.00E-06,-241.20603E-03,-3.88409550E+00
-35.00E-06,-221.10553E-03,-3.88409550E+00
-34.00E-06,-201.00502E-03,-3.98459802E+00
-33.00E-06,-221.10553E-03,-3.73334173E+00
-32.00E-06,-180.90452E-03,-3.48208545E+00
-31.00E-06,-206.03015E-03,-3.48208545E+00
-30.00E-06,-211.05527E-03,-3.58258796E+00
-29.00E-06,-180.90452E-03,-3.13032665E+00
-28.00E-06,-180.90452E-03,-3.08007540E+00
-27.00E-06,-180.90452E-03,-3.23082917E+00
-26.00E-06,-180.90452E-03,-2.87907037E+00
-25.00E-06,-175.87940E-03,-2.92932163E+00
-24.00E-06,-180.90452E-03,-2.87907037E+00
-23.00E-06,-155.77889E-03,-2.67806534E+00
-22.00E-06,-150.75377E-03,-2.57756283E+00
-21.00E-06,-155.77889E-03,-2.47706032E+00
-20.00E-06,-120.60301E-03,-2.27605529E+00
-19.00E-06,-140.70352E-03,-2.32630655E+00
-18.00E-06,-130.65326E-03,-2.17555278E+00
-17.00E-06,-145.72864E-03,-2.27605529E+00
-16.00E-06,-140.70352E-03,-2.07505026E+00
-15.00E-06,-100.50251E-03,-2.07505026E+00
-14.00E-06,-120.60301E-03,-1.87404524E+00
-13.00E-06,-120.60301E-03,-1.72329147E+00
-12.00E-06,-100.50251E-03,-1.87404524E+00
-11.00E-06,-80.40201E-03,-1.57253770E+00
-10.00E-06,-90.45226E-03,-1.47203518E+00
-9.00E-06,-80.40201E-03,-1.42178393E+00
-8.00E-06,-60.30151E-03,-1.07002513E+00
-7.00E-06,-65.32663E-03,-1.12027639E+00
-6.00E-06,-70.35176E-03,-969.52262E-03
-5.00E-06,-55.27638E-03,-869.02010E-03
-4.00E-06,-60.30151E-03,-1.07002513E+00
-3.00E-06,-55.27638E-03,-869.02010E-03
-2.00E-06,-40.20100E-03,-567.51256E-03
-1.00E-06,-35.17588E-03,-668.01508E-03
+0.0E+00,-40.20100E-03,-467.01005E-03
+1.00E-06,-20.10050E-03,-416.75879E-03
+2.00E-06,-20.10050E-03,-165.50251E-03
+3.00E-06,+0.0E+00,-165.50251E-03
+4.00E-06,-20.10050E-03,-266.00502E-03
+5.00E-06,-20.10050E-03,-65.00000E-03
+6.00E-06,+0.0E+00,+35.50252E-03
+7.00E-06,+0.0E+00,+286.75880E-03
+8.00E-06,+20.10050E-03,+136.00503E-03
+9.00E-06,+25.12563E-03,+538.01508E-03
+10.00E-06,+10.05025E-03,+437.51257E-03
+11.00E-06,+20.10050E-03,+387.26131E-03
+12.00E-06,+0.0E+00,+739.02011E-03
+13.00E-06,+40.20100E-03,+940.02514E-03
+14.00E-06,+50.25126E-03,+739.02011E-03
+15.00E-06,+55.27638E-03,+789.27137E-03
+16.00E-06,+60.30151E-03,+1.14103016E+00
+17.00E-06,+45.22613E-03,+990.27639E-03
+18.00E-06,+60.30151E-03,+1.24153268E+00
+19.00E-06,+95.47739E-03,+1.34203519E+00
+20.00E-06,+60.30151E-03,+1.54304022E+00
+21.00E-06,+95.47739E-03,+1.44253770E+00
+22.00E-06,+80.40201E-03,+1.64354273E+00
+23.00E-06,+100.50251E-03,+1.69379399E+00
+24.00E-06,+120.60301E-03,+1.74404524E+00
+25.00E-06,+105.52764E-03,+1.94505027E+00
+26.00E-06,+120.60301E-03,+2.04555278E+00
+27.00E-06,+125.62814E-03,+1.99530153E+00
+28.00E-06,+140.70352E-03,+2.34706032E+00
+29.00E-06,+135.67839E-03,+2.34706032E+00
+30.00E-06,+120.60301E-03,+2.54806535E+00
+31.00E-06,+140.70352E-03,+2.69881912E+00
+32.00E-06,+160.80402E-03,+2.74907038E+00
+33.00E-06,+145.72864E-03,+2.74907038E+00
+34.00E-06,+160.80402E-03,+2.74907038E+00
+35.00E-06,+175.87940E-03,+3.15108043E+00
+36.00E-06,+160.80402E-03,+3.15108043E+00
+37.00E-06,+165.82914E-03,+3.00032666E+00
+38.00E-06,+190.95477E-03,+3.25158294E+00
+39.00E-06,+195.97990E-03,+3.35208546E+00
+40.00E-06,+201.00502E-03,+3.35208546E+00
+41.00E-06,+195.97990E-03,+3.55309048E+00
+42.00E-06,+201.00502E-03,+3.55309048E+00
+43.00E-06,+201.00502E-03,+3.80434677E+00
+44.00E-06,+221.10553E-03,+3.55309048E+00
+45.00E-06,+221.10553E-03,+3.95510054E+00
+46.00E-06,+241.20603E-03,+3.95510054E+00
+47.00E-06,+216.08040E-03,+4.00535179E+00
+48.00E-06,+241.20603E-03,+4.35711059E+00
+49.00E-06,+256.28140E-03,+4.30685933E+00
+50.00E-06,+251.25628E-03,+4.45761310E+00
+51.00E-06,+256.28140E-03,+4.55811562E+00
+52.00E-06,+261.30653E-03,+4.55811562E+00
+53.00E-06,+261.30653E-03,+4.70886939E+00
+54.00E-06,+261.30653E-03,+4.65861813E+00
+55.00E-06,+281.40703E-03,+4.96012567E+00
+56.00E-06,+301.50753E-03,+4.75912064E+00
+57.00E-06,+281.40703E-03,+5.16113070E+00
+58.00E-06,+291.45728E-03,+5.36213572E+00
+59.00E-06,+296.48241E-03,+5.16113070E+00
+60.00E-06,+321.60804E-03,+5.56314075E+00
+61.00E-06,+291.45728E-03,+5.56314075E+00
+62.00E-06,+311.55779E-03,+5.46263824E+00
+63.00E-06,+311.55779E-03,+5.71389452E+00
+64.00E-06,+301.50753E-03,+5.76414578E+00
+65.00E-06,+341.70854E-03,+5.96515080E+00
+66.00E-06,+331.65829E-03,+5.96515080E+00
+67.00E-06,+341.70854E-03,+6.16615583E+00
+68.00E-06,+341.70854E-03,+6.16615583E+00
+69.00E-06,+346.73366E-03,+6.36716086E+00
+70.00E-06,+361.80904E-03,+6.26665834E+00
+71.00E-06,+366.83417E-03,+6.36716086E+00
+72.00E-06,+341.70854E-03,+6.36716086E+00
+73.00E-06,+346.73366E-03,+6.66866840E+00
+74.00E-06,+381.90954E-03,+6.76917091E+00
+75.00E-06,+396.98492E-03,+6.91992468E+00
+76.00E-06,+381.90954E-03,+6.76917091E+00
+77.00E-06,+391.95979E-03,+7.07067845E+00
+78.00E-06,+391.95979E-03,+6.97017594E+00
+79.00E-06,+402.01005E-03,+6.97017594E+00
+80.00E-06,+402.01005E-03,+7.17118096E+00
+81.00E-06,+422.11055E-03,+7.32193473E+00
+82.00E-06,+432.16080E-03,+7.27168348E+00
+83.00E-06,+417.08542E-03,+7.52293976E+00
+84.00E-06,+402.01005E-03,+7.57319102E+00
+85.00E-06,+442.21105E-03,+7.77419604E+00
+86.00E-06,+442.21105E-03,+7.87469856E+00
+87.00E-06,+442.21105E-03,+7.87469856E+00
+88.00E-06,+442.21105E-03,+7.97520107E+00
+89.00E-06,+442.21105E-03,+7.97520107E+00
+90.00E-06,+462.31155E-03,+8.17620610E+00
+91.00E-06,+467.33668E-03,+8.22645735E+00
+92.00E-06,+462.31155E-03,+8.37721112E+00
+93.00E-06,+462.31155E-03,+8.22645735E+00
+94.00E-06,+492.46231E-03,+8.37721112E+00
+95.00E-06,+487.43718E-03,+8.52796489E+00
+96.00E-06,+502.51256E-03,+8.77922118E+00
+97.00E-06,+482.41206E-03,+8.72896992E+00
+98.00E-06,+512.56281E-03,+8.77922118E+00
+99.00E-06,+497.48743E-03,+8.92997495E+00
+100.00E-06,+482.41206E-03,+9.18123123E+00
+101.00E-06,+512.56281E-03,+8.82947243E+00
+102.00E-06,+502.51256E-03,+9.18123123E+00
+103.00E-06,+542.71356E-03,+9.23148249E+00
+104.00E-06,+542.71356E-03,+9.18123123E+00
+105.00E-06,+522.61306E-03,+9.53299003E+00
+106.00E-06,+542.71356E-03,+9.38223626E+00
+107.00E-06,+542.71356E-03,+9.58324128E+00
+108.00E-06,+542.71356E-03,+9.58324128E+00
+109.00E-06,+562.81406E-03,+9.78424631E+00
+110.00E-06,+552.76381E-03,+9.78424631E+00
+111.00E-06,+557.78894E-03,+9.83449757E+00
+112.00E-06,+562.81406E-03,+9.78424631E+00
+113.00E-06,+562.81406E-03,+10.13600511E+00
+114.00E-06,+572.86432E-03,+10.18625636E+00
+115.00E-06,+562.81406E-03,+9.98525134E+00
+116.00E-06,+603.01507E-03,+10.38726139E+00
+117.00E-06,+567.83919E-03,+10.18625636E+00
+118.00E-06,+582.91457E-03,+10.18625636E+00
+119.00E-06,+597.98994E-03,+10.38726139E+00
+120.00E-06,+582.91457E-03,+10.58826642E+00
+121.00E-06,+623.11557E-03,+10.58826642E+00
+122.00E-06,+592.96482E-03,+10.78927144E+00
+123.00E-06,+623.11557E-03,+10.43751265E+00
+124.00E-06,+623.11557E-03,+10.78927144E+00
+125.00E-06,+618.09045E-03,+10.99027647E+00
+126.00E-06,+623.11557E-03,+10.99027647E+00
+127.00E-06,+638.19095E-03,+11.14103024E+00
+128.00E-06,+623.11557E-03,+10.99027647E+00
+129.00E-06,+638.19095E-03,+11.14103024E+00
+130.00E-06,+643.21607E-03,+11.49278904E+00
+131.00E-06,+618.09045E-03,+11.34203527E+00
+132.00E-06,+643.21607E-03,+11.39228652E+00
+133.00E-06,+663.31658E-03,+11.59329155E+00
+134.00E-06,+663.31658E-03,+11.59329155E+00
+135.00E-06,+663.31658E-03,+11.69379406E+00
+136.00E-06,+663.31658E-03,+11.79429658E+00
+137.00E-06,+678.39195E-03,+11.79429658E+00
+138.00E-06,+663.31658E-03,+11.79429658E+00
+139.00E-06,+678.39195E-03,+11.79429658E+00
+140.00E-06,+683.41708E-03,+12.19630663E+00
+141.00E-06,+698.49245E-03,+11.94505035E+00
+142.00E-06,+703.51758E-03,+12.19630663E+00
+143.00E-06,+698.49245E-03,+12.19630663E+00
+144.00E-06,+683.41708E-03,+11.99530160E+00
+145.00E-06,+698.49245E-03,+12.19630663E+00
+146.00E-06,+713.56783E-03,+12.49781417E+00
+147.00E-06,+688.44220E-03,+12.09580412E+00
+148.00E-06,+683.41708E-03,+12.39731166E+00
+149.00E-06,+718.59296E-03,+12.54806543E+00
+150.00E-06,+713.56783E-03,+12.59831668E+00
+151.00E-06,+723.61808E-03,+12.59831668E+00
+152.00E-06,+723.61808E-03,+12.59831668E+00
+153.00E-06,+738.69346E-03,+12.64856794E+00
+154.00E-06,+733.66833E-03,+12.79932171E+00
+155.00E-06,+728.64321E-03,+12.74907045E+00
+156.00E-06,+743.71858E-03,+13.00032674E+00
+157.00E-06,+733.66833E-03,+12.84957297E+00
+158.00E-06,+743.71858E-03,+12.89982422E+00
+159.00E-06,+743.71858E-03,+13.15108051E+00
+160.00E-06,+743.71858E-03,+13.20133176E+00
+161.00E-06,+748.74371E-03,+13.05057799E+00
+162.00E-06,+763.81909E-03,+13.30183428E+00
+163.00E-06,+743.71858E-03,+13.20133176E+00
+164.00E-06,+743.71859E-03,+13.20133176E+00
+165.00E-06,+763.81909E-03,+13.40233679E+00
+166.00E-06,+773.86934E-03,+13.30183428E+00
+167.00E-06,+778.89446E-03,+13.60334182E+00
+168.00E-06,+783.91959E-03,+13.60334182E+00
+169.00E-06,+788.94472E-03,+13.60334182E+00
+170.00E-06,+793.96984E-03,+13.60334182E+00
+171.00E-06,+783.91959E-03,+13.75409559E+00
+172.00E-06,+783.91959E-03,+14.00535187E+00
+173.00E-06,+773.86934E-03,+13.80434684E+00
+174.00E-06,+793.96984E-03,+13.80434684E+00
+175.00E-06,+783.91959E-03,+14.15610564E+00
+176.00E-06,+783.91959E-03,+13.60334182E+00
+177.00E-06,+783.91959E-03,+13.80434684E+00
+178.00E-06,+804.02009E-03,+14.10585438E+00
+179.00E-06,+793.96984E-03,+14.05560313E+00
+180.00E-06,+804.02009E-03,+14.20635690E+00
+181.00E-06,+809.04522E-03,+14.25660815E+00
+182.00E-06,+814.07034E-03,+14.30685941E+00
+183.00E-06,+798.99497E-03,+14.15610564E+00
+184.00E-06,+844.22110E-03,+14.40736192E+00
+185.00E-06,+819.09547E-03,+14.40736192E+00
+186.00E-06,+814.07034E-03,+14.30685941E+00
+187.00E-06,+814.07034E-03,+14.40736192E+00
+188.00E-06,+824.12059E-03,+14.40736192E+00
+189.00E-06,+814.07034E-03,+14.55811569E+00
+190.00E-06,+834.17085E-03,+14.50786444E+00
+191.00E-06,+834.17085E-03,+14.75912072E+00
+192.00E-06,+844.22110E-03,+14.60836695E+00
+193.00E-06,+824.12059E-03,+14.60836695E+00
+194.00E-06,+834.17085E-03,+15.01037700E+00
+195.00E-06,+839.19597E-03,+14.65861821E+00
+196.00E-06,+844.22110E-03,+14.80937198E+00
+197.00E-06,+839.19597E-03,+14.96012575E+00
+198.00E-06,+844.22110E-03,+14.60836695E+00
+199.00E-06,+864.32160E-03,+15.01037700E+00
+200.00E-06,+844.22110E-03,+15.01037700E+00
+201.00E-06,+859.29647E-03,+14.80937198E+00
+202.00E-06,+874.37185E-03,+15.11087952E+00
+203.00E-06,+844.22110E-03,+15.21138203E+00
+204.00E-06,+844.22110E-03,+14.80937198E+00
+205.00E-06,+864.32160E-03,+15.01037700E+00
+206.00E-06,+864.32160E-03,+15.01037700E+00
+207.00E-06,+849.24622E-03,+15.21138203E+00
+208.00E-06,+884.42210E-03,+15.01037700E+00
+209.00E-06,+879.39698E-03,+15.41238706E+00
+210.00E-06,+874.37185E-03,+15.31188454E+00
+211.00E-06,+864.32160E-03,+15.21138203E+00
+212.00E-06,+884.42210E-03,+15.21138203E+00
+213.00E-06,+894.47235E-03,+15.26163329E+00
+214.00E-06,+884.42210E-03,+15.41238706E+00
+215.00E-06,+889.44723E-03,+15.56314083E+00
+216.00E-06,+884.42210E-03,+15.21138203E+00
+217.00E-06,+884.42210E-03,+15.56314083E+00
+218.00E-06,+874.37185E-03,+15.51288957E+00
+219.00E-06,+884.42210E-03,+15.31188454E+00
+220.00E-06,+884.42210E-03,+15.41238706E+00
+221.00E-06,+879.39698E-03,+15.41238706E+00
+222.00E-06,+864.32160E-03,+15.41238706E+00
+223.00E-06,+884.42210E-03,+15.76414585E+00
+224.00E-06,+844.22110E-03,+15.61339208E+00
+225.00E-06,+894.47235E-03,+15.31188454E+00
+226.00E-06,+884.42210E-03,+15.61339209E+00
+227.00E-06,+889.44723E-03,+15.71389460E+00
+228.00E-06,+904.52260E-03,+15.61339208E+00
+229.00E-06,+889.44723E-03,+15.61339208E+00
+230.00E-06,+904.52260E-03,+15.41238706E+00
+231.00E-06,+889.44723E-03,+15.61339208E+00
+232.00E-06,+904.52260E-03,+15.81439711E+00
+233.00E-06,+884.42210E-03,+15.76414585E+00
+234.00E-06,+894.47235E-03,+15.71389460E+00
+235.00E-06,+869.34672E-03,+15.66364334E+00
+236.00E-06,+904.52260E-03,+15.61339208E+00
+237.00E-06,+904.52260E-03,+15.51288957E+00
+238.00E-06,+904.52260E-03,+15.71389460E+00
+239.00E-06,+904.52260E-03,+15.66364334E+00
+240.00E-06,+904.52260E-03,+15.81439711E+00
+241.00E-06,+919.59798E-03,+15.81439711E+00
+242.00E-06,+894.47235E-03,+15.81439711E+00
+243.00E-06,+904.52260E-03,+15.91489963E+00
+244.00E-06,+904.52260E-03,+15.61339208E+00
+245.00E-06,+904.52260E-03,+15.66364334E+00
+246.00E-06,+904.52260E-03,+15.81439711E+00
+247.00E-06,+904.52260E-03,+15.61339208E+00
+248.00E-06,+904.52260E-03,+15.81439711E+00
+249.00E-06,+899.49748E-03,+15.61339208E+00
+250.00E-06,+904.52260E-03,+15.81439711E+00
+251.00E-06,+899.49748E-03,+15.66364334E+00
+252.00E-06,+884.42210E-03,+16.01540214E+00
+253.00E-06,+904.52260E-03,+15.76414585E+00
+254.00E-06,+894.47235E-03,+15.81439711E+00
+255.00E-06,+889.44723E-03,+15.81439711E+00
+256.00E-06,+924.62311E-03,+15.81439711E+00
+257.00E-06,+904.52260E-03,+15.61339208E+00
+258.00E-06,+904.52260E-03,+15.81439711E+00
+259.00E-06,+899.49748E-03,+15.61339208E+00
+260.00E-06,+884.42210E-03,+15.61339208E+00
+261.00E-06,+889.44723E-03,+15.96515088E+00
+262.00E-06,+904.52260E-03,+15.71389460E+00
+263.00E-06,+904.52260E-03,+15.76414585E+00
+264.00E-06,+884.42210E-03,+15.61339208E+00
+265.00E-06,+889.44723E-03,+15.76414585E+00
+266.00E-06,+894.47235E-03,+15.91489962E+00
+267.00E-06,+904.52260E-03,+15.66364334E+00
+268.00E-06,+904.52260E-03,+15.61339208E+00
+269.00E-06,+884.42210E-03,+15.61339208E+00
+270.00E-06,+904.52260E-03,+15.61339208E+00
+271.00E-06,+904.52260E-03,+15.76414585E+00
+272.00E-06,+884.42210E-03,+15.61339208E+00
+273.00E-06,+869.34672E-03,+15.66364334E+00
+274.00E-06,+904.52260E-03,+15.61339208E+00
+275.00E-06,+869.34672E-03,+15.61339208E+00
+276.00E-06,+904.52260E-03,+15.61339208E+00
+277.00E-06,+889.44723E-03,+15.46263831E+00
+278.00E-06,+894.47235E-03,+15.51288957E+00
+279.00E-06,+904.52260E-03,+15.66364334E+00
+280.00E-06,+884.42210E-03,+15.41238706E+00
+281.00E-06,+909.54773E-03,+15.46263831E+00
+282.00E-06,+884.42210E-03,+15.41238706E+00
+283.00E-06,+889.44723E-03,+15.56314083E+00
+284.00E-06,+884.42210E-03,+15.41238706E+00
+285.00E-06,+864.32160E-03,+15.41238706E+00
+286.00E-06,+874.37185E-03,+15.41238706E+00
+287.00E-06,+864.32160E-03,+15.46263831E+00
+288.00E-06,+844.22110E-03,+15.21138203E+00
+289.00E-06,+864.32160E-03,+15.36213580E+00
+290.00E-06,+874.37185E-03,+15.31188454E+00
+291.00E-06,+879.39698E-03,+15.41238706E+00
+292.00E-06,+884.42210E-03,+15.41238706E+00
+293.00E-06,+879.39698E-03,+15.26163329E+00
+294.00E-06,+854.27135E-03,+15.21138203E+00
+295.00E-06,+864.32160E-03,+15.21138203E+00
+296.00E-06,+864.32160E-03,+15.21138203E+00
+297.00E-06,+849.24622E-03,+15.36213580E+00
+298.00E-06,+854.27135E-03,+15.21138203E+00
+299.00E-06,+854.27135E-03,+15.06062826E+00
+300.00E-06,+864.32160E-03,+15.21138203E+00
+301.00E-06,+879.39698E-03,+15.01037700E+00
+302.00E-06,+864.32160E-03,+14.90987449E+00
+303.00E-06,+834.17085E-03,+15.01037700E+00
+304.00E-06,+864.32160E-03,+15.01037700E+00
+305.00E-06,+844.22110E-03,+14.80937198E+00
+306.00E-06,+854.27135E-03,+14.90987449E+00
+307.00E-06,+844.22110E-03,+14.85962323E+00
+308.00E-06,+844.22110E-03,+14.80937198E+00
+309.00E-06,+829.14572E-03,+14.96012575E+00
+310.00E-06,+844.22110E-03,+14.90987449E+00
+311.00E-06,+844.22110E-03,+14.75912072E+00
+312.00E-06,+844.22110E-03,+14.60836695E+00
+313.00E-06,+854.27135E-03,+14.75912072E+00
+314.00E-06,+834.17085E-03,+14.40736192E+00
+315.00E-06,+844.22110E-03,+14.45761318E+00
+316.00E-06,+844.22110E-03,+14.40736192E+00
+317.00E-06,+834.17085E-03,+14.55811569E+00
+318.00E-06,+824.12059E-03,+14.40736192E+00
+319.00E-06,+819.09547E-03,+14.40736192E+00
+320.00E-06,+804.02009E-03,+14.40736192E+00
+321.00E-06,+829.14572E-03,+14.35711067E+00
+322.00E-06,+804.02009E-03,+14.30685941E+00
+323.00E-06,+824.12059E-03,+14.20635690E+00
+324.00E-06,+804.02009E-03,+14.20635690E+00
+325.00E-06,+819.09547E-03,+14.00535187E+00
+326.00E-06,+804.02009E-03,+14.00535187E+00
+327.00E-06,+788.94472E-03,+14.00535187E+00
+328.00E-06,+804.02009E-03,+13.80434684E+00
+329.00E-06,+804.02009E-03,+13.85459810E+00
+330.00E-06,+783.91959E-03,+13.80434684E+00
+331.00E-06,+793.96984E-03,+13.85459810E+00
+332.00E-06,+783.91959E-03,+13.80434684E+00
+333.00E-06,+778.89446E-03,+13.75409559E+00
+334.00E-06,+793.96984E-03,+13.70384433E+00
+335.00E-06,+768.84421E-03,+13.60334182E+00
+336.00E-06,+763.81909E-03,+13.80434684E+00
+337.00E-06,+788.94472E-03,+13.75409559E+00
+338.00E-06,+763.81909E-03,+13.50283930E+00
+339.00E-06,+778.89446E-03,+13.40233679E+00
+340.00E-06,+763.81909E-03,+13.60334182E+00
+341.00E-06,+778.89446E-03,+13.60334182E+00
+342.00E-06,+773.86934E-03,+13.30183428E+00
+343.00E-06,+758.79396E-03,+13.40233679E+00
+344.00E-06,+743.71859E-03,+13.20133176E+00
+345.00E-06,+728.64321E-03,+13.20133176E+00
+346.00E-06,+743.71858E-03,+13.00032674E+00
+347.00E-06,+763.81909E-03,+12.89982422E+00
+348.00E-06,+743.71858E-03,+13.00032674E+00
+349.00E-06,+743.71858E-03,+12.79932171E+00
+350.00E-06,+723.61808E-03,+12.79932171E+00
+351.00E-06,+738.69346E-03,+12.79932171E+00
+352.00E-06,+723.61808E-03,+12.59831668E+00
+353.00E-06,+723.61808E-03,+12.74907045E+00
+354.00E-06,+703.51758E-03,+12.59831668E+00
+355.00E-06,+718.59296E-03,+12.49781417E+00
+356.00E-06,+703.51758E-03,+12.39731166E+00
+357.00E-06,+723.61808E-03,+12.44756291E+00
+358.00E-06,+703.51758E-03,+12.49781417E+00
+359.00E-06,+723.61808E-03,+12.39731166E+00
+360.00E-06,+703.51758E-03,+12.19630663E+00
+361.00E-06,+698.49245E-03,+12.14605537E+00
+362.00E-06,+693.46733E-03,+12.19630663E+00
+363.00E-06,+663.31658E-03,+12.04555286E+00
+364.00E-06,+663.31658E-03,+12.19630663E+00
+365.00E-06,+678.39195E-03,+11.89479909E+00
+366.00E-06,+673.36683E-03,+11.99530160E+00
+367.00E-06,+693.46733E-03,+11.94505035E+00
+368.00E-06,+683.41708E-03,+11.79429658E+00
+369.00E-06,+678.39195E-03,+11.64354281E+00
+370.00E-06,+673.36683E-03,+11.79429658E+00
+371.00E-06,+658.29145E-03,+11.54304029E+00
+372.00E-06,+643.21607E-03,+11.59329155E+00
+373.00E-06,+633.16582E-03,+11.39228652E+00
+374.00E-06,+643.21607E-03,+11.29178401E+00
+375.00E-06,+628.14070E-03,+11.19128150E+00
+376.00E-06,+623.11557E-03,+10.78927144E+00
+377.00E-06,+618.09045E-03,+11.24153275E+00
+378.00E-06,+633.16582E-03,+11.09077898E+00
+379.00E-06,+623.11557E-03,+10.99027647E+00
+380.00E-06,+643.21607E-03,+10.99027647E+00
+381.00E-06,+608.04019E-03,+10.78927144E+00
+382.00E-06,+613.06532E-03,+10.78927144E+00
+383.00E-06,+582.91457E-03,+10.78927144E+00
+384.00E-06,+603.01507E-03,+10.58826642E+00
+385.00E-06,+603.01507E-03,+10.43751265E+00
+386.00E-06,+582.91457E-03,+10.48776390E+00
+387.00E-06,+613.06532E-03,+10.53801516E+00
+388.00E-06,+603.01507E-03,+10.38726139E+00
+389.00E-06,+587.93969E-03,+10.33701013E+00
+390.00E-06,+572.86432E-03,+10.28675888E+00
+391.00E-06,+547.73869E-03,+10.03550259E+00
+392.00E-06,+562.81406E-03,+9.98525134E+00
+393.00E-06,+567.83919E-03,+9.98525134E+00
+394.00E-06,+552.76381E-03,+9.88474882E+00
+395.00E-06,+537.68844E-03,+9.78424631E+00
+396.00E-06,+542.71356E-03,+9.78424631E+00
+397.00E-06,+547.73869E-03,+9.58324128E+00
+398.00E-06,+542.71356E-03,+9.58324128E+00
+399.00E-06,+522.61306E-03,+9.78424631E+00
+400.00E-06,+522.61306E-03,+9.18123123E+00
+401.00E-06,+517.58793E-03,+9.18123123E+00
+402.00E-06,+542.71356E-03,+9.28173374E+00
+403.00E-06,+512.56281E-03,+9.03047746E+00
+404.00E-06,+522.61306E-03,+8.98022620E+00
+405.00E-06,+527.63819E-03,+8.98022620E+00
+406.00E-06,+502.51256E-03,+8.87972369E+00
+407.00E-06,+517.58793E-03,+8.77922118E+00
+408.00E-06,+502.51256E-03,+8.77922118E+00
+409.00E-06,+492.46231E-03,+8.72896992E+00
+410.00E-06,+472.36180E-03,+8.67871866E+00
+411.00E-06,+462.31155E-03,+8.37721112E+00
+412.00E-06,+462.31155E-03,+8.37721112E+00
+413.00E-06,+457.28643E-03,+8.37721112E+00
+414.00E-06,+472.36180E-03,+8.17620610E+00
+415.00E-06,+462.31155E-03,+8.17620610E+00
+416.00E-06,+462.31155E-03,+8.17620610E+00
+417.00E-06,+457.28643E-03,+8.02545233E+00
+418.00E-06,+432.16080E-03,+7.97520107E+00
+419.00E-06,+442.21105E-03,+7.97520107E+00
+420.00E-06,+442.21105E-03,+7.77419604E+00
+421.00E-06,+442.21105E-03,+7.57319102E+00
+422.00E-06,+422.11055E-03,+7.57319102E+00
+423.00E-06,+391.95979E-03,+7.52293976E+00
+424.00E-06,+381.90954E-03,+7.37218599E+00
+425.00E-06,+432.16080E-03,+7.02042719E+00
+426.00E-06,+412.06030E-03,+7.27168348E+00
+427.00E-06,+402.01005E-03,+6.97017594E+00
+428.00E-06,+381.90954E-03,+6.97017594E+00
+429.00E-06,+381.90954E-03,+6.91992468E+00
+430.00E-06,+371.85929E-03,+6.86967342E+00
+431.00E-06,+376.88442E-03,+6.71891965E+00
+432.00E-06,+381.90954E-03,+6.56816588E+00
+433.00E-06,+346.73366E-03,+6.56816588E+00
+434.00E-06,+361.80904E-03,+6.36716086E+00
+435.00E-06,+361.80904E-03,+6.36716086E+00
+436.00E-06,+361.80904E-03,+6.36716086E+00
+437.00E-06,+341.70854E-03,+6.21640709E+00
+438.00E-06,+351.75879E-03,+6.16615583E+00
+439.00E-06,+336.68341E-03,+6.01540206E+00
+440.00E-06,+321.60804E-03,+5.96515080E+00
+441.00E-06,+346.73366E-03,+5.96515080E+00
+442.00E-06,+321.60804E-03,+5.66364326E+00
+443.00E-06,+321.60804E-03,+5.71389452E+00
+444.00E-06,+321.60804E-03,+5.36213572E+00
+445.00E-06,+316.58291E-03,+5.36213572E+00
+446.00E-06,+301.50753E-03,+5.36213572E+00
+447.00E-06,+301.50753E-03,+5.36213572E+00
+448.00E-06,+281.40703E-03,+5.36213572E+00
+449.00E-06,+296.48241E-03,+5.26163321E+00
+450.00E-06,+291.45728E-03,+4.96012567E+00
+451.00E-06,+281.40703E-03,+4.75912064E+00
+452.00E-06,+261.30653E-03,+4.96012567E+00
+453.00E-06,+281.40703E-03,+4.70886939E+00
+454.00E-06,+271.35678E-03,+4.55811562E+00
+455.00E-06,+261.30653E-03,+4.60836687E+00
+456.00E-06,+241.20603E-03,+4.35711059E+00
+457.00E-06,+241.20603E-03,+4.30685933E+00
+458.00E-06,+231.15578E-03,+4.05560305E+00
+459.00E-06,+236.18090E-03,+4.00535179E+00
+460.00E-06,+221.10553E-03,+3.95510054E+00
+461.00E-06,+206.03015E-03,+3.80434677E+00
+462.00E-06,+211.05527E-03,+3.75409551E+00
+463.00E-06,+195.97990E-03,+3.80434677E+00
+464.00E-06,+201.00502E-03,+3.75409551E+00
+465.00E-06,+175.87940E-03,+3.40233671E+00
+466.00E-06,+190.95477E-03,+3.55309048E+00
+467.00E-06,+190.95477E-03,+3.20133169E+00
+468.00E-06,+180.90452E-03,+3.15108043E+00
+469.00E-06,+190.95477E-03,+3.15108043E+00
+470.00E-06,+160.80402E-03,+2.95007540E+00
+471.00E-06,+155.77889E-03,+2.95007540E+00
+472.00E-06,+140.70352E-03,+2.74907038E+00
+473.00E-06,+165.82914E-03,+2.74907038E+00
+474.00E-06,+130.65326E-03,+2.54806535E+00
+475.00E-06,+140.70352E-03,+2.39731158E+00
+476.00E-06,+120.60301E-03,+2.14605530E+00
+477.00E-06,+135.67839E-03,+2.19630655E+00
+478.00E-06,+110.55276E-03,+2.14605530E+00
+479.00E-06,+115.57789E-03,+1.94505027E+00
+480.00E-06,+80.40201E-03,+1.94505027E+00
+481.00E-06,+85.42713E-03,+1.79429650E+00
+482.00E-06,+90.45226E-03,+1.74404524E+00
+483.00E-06,+80.40201E-03,+1.59329147E+00
+484.00E-06,+80.40201E-03,+1.54304022E+00
+485.00E-06,+80.40201E-03,+1.54304022E+00
+486.00E-06,+60.30151E-03,+1.54304022E+00
+487.00E-06,+60.30151E-03,+1.39228645E+00
+488.00E-06,+40.20100E-03,+1.14103016E+00
+489.00E-06,+60.30151E-03,+1.09077891E+00
+490.00E-06,+60.30151E-03,+940.02514E-03
+491.00E-06,+40.20100E-03,+1.04052765E+00
+492.00E-06,+40.20100E-03,+739.02011E-03
+493.00E-06,+40.20100E-03,+688.76885E-03
+494.00E-06,+30.15075E-03,+437.51257E-03
+495.00E-06,+40.20100E-03,+688.76885E-03
+496.00E-06,+20.10050E-03,+337.01006E-03
+497.00E-06,+0.0E+00,+186.25629E-03
+498.00E-06,+0.0E+00,+136.00503E-03
+499.00E-06,-15.07538E-03,-14.74874E-03
+500.00E-06,-20.10050E-03,-65.00000E-03
+501.00E-06,-15.07538E-03,-316.25628E-03
+502.00E-06,-30.15075E-03,-165.50251E-03
+503.00E-06,-20.10050E-03,-266.00502E-03
+504.00E-06,-40.20100E-03,-467.01005E-03
+505.00E-06,-45.22613E-03,-517.26131E-03
+506.00E-06,-20.10050E-03,-467.01005E-03
+507.00E-06,-60.30151E-03,-668.01508E-03
+508.00E-06,-40.20100E-03,-467.01005E-03
+509.00E-06,-50.25126E-03,-869.02010E-03
+510.00E-06,-60.30151E-03,-869.02010E-03
+511.00E-06,-60.30151E-03,-1.22077890E+00
+512.00E-06,-60.30151E-03,-1.07002513E+00
+513.00E-06,-80.40201E-03,-1.27103016E+00
+514.00E-06,-80.40201E-03,-1.57253770E+00
+515.00E-06,-95.47739E-03,-1.47203518E+00
+516.00E-06,-80.40201E-03,-1.47203518E+00
+517.00E-06,-100.50251E-03,-1.67304021E+00
+518.00E-06,-120.60301E-03,-1.67304021E+00
+519.00E-06,-115.57789E-03,-1.82379398E+00
+520.00E-06,-120.60301E-03,-1.87404524E+00
+521.00E-06,-120.60301E-03,-2.07505026E+00
+522.00E-06,-130.65326E-03,-2.17555278E+00
+523.00E-06,-140.70352E-03,-2.22580403E+00
+524.00E-06,-140.70352E-03,-2.27605529E+00
+525.00E-06,-145.72864E-03,-2.27605529E+00
+526.00E-06,-160.80402E-03,-2.67806534E+00
+527.00E-06,-145.72864E-03,-2.52731157E+00
+528.00E-06,-140.70352E-03,-2.67806534E+00
+529.00E-06,-180.90452E-03,-2.72831660E+00
+530.00E-06,-180.90452E-03,-3.18057791E+00
+531.00E-06,-195.97990E-03,-3.08007540E+00
+532.00E-06,-180.90452E-03,-3.08007540E+00
+533.00E-06,-195.97990E-03,-3.13032665E+00
+534.00E-06,-211.05527E-03,-3.48208545E+00
+535.00E-06,-201.00502E-03,-3.33133168E+00
+536.00E-06,-201.00502E-03,-3.48208545E+00
+537.00E-06,-201.00502E-03,-3.53233671E+00
+538.00E-06,-231.15578E-03,-3.68309048E+00
+539.00E-06,-221.10553E-03,-3.68309048E+00
+540.00E-06,-221.10553E-03,-3.88409550E+00
+541.00E-06,-241.20603E-03,-4.08510053E+00
+542.00E-06,-231.15578E-03,-4.08510053E+00
+543.00E-06,-241.20603E-03,-4.13535179E+00
+544.00E-06,-261.30653E-03,-4.28610556E+00
+545.00E-06,-246.23115E-03,-4.28610556E+00
+546.00E-06,-271.35678E-03,-4.48711058E+00
+547.00E-06,-256.28140E-03,-4.73836687E+00
+548.00E-06,-281.40703E-03,-4.48711059E+00
+549.00E-06,-276.38191E-03,-4.68811561E+00
+550.00E-06,-281.40703E-03,-4.88912064E+00
+551.00E-06,-286.43216E-03,-4.73836687E+00
+552.00E-06,-301.50753E-03,-5.09012566E+00
+553.00E-06,-301.50753E-03,-5.19062818E+00
+554.00E-06,-321.60804E-03,-5.39163320E+00
+555.00E-06,-321.60804E-03,-5.34138195E+00
+556.00E-06,-301.50753E-03,-5.49213572E+00
+557.00E-06,-331.65829E-03,-5.69314075E+00
+558.00E-06,-321.60804E-03,-5.69314075E+00
+559.00E-06,-341.70854E-03,-5.69314075E+00
+560.00E-06,-341.70854E-03,-5.89414577E+00
+561.00E-06,-331.65829E-03,-5.89414577E+00
+562.00E-06,-341.70854E-03,-6.09515080E+00
+563.00E-06,-346.73366E-03,-5.94439703E+00
+564.00E-06,-361.80904E-03,-6.09515080E+00
+565.00E-06,-366.83417E-03,-6.29615583E+00
+566.00E-06,-361.80904E-03,-6.39665834E+00
+567.00E-06,-376.88442E-03,-6.49716085E+00
+568.00E-06,-381.90954E-03,-6.89917091E+00
+569.00E-06,-386.93467E-03,-6.54741211E+00
+570.00E-06,-391.95979E-03,-6.89917091E+00
+571.00E-06,-386.93467E-03,-6.84891965E+00
+572.00E-06,-402.01005E-03,-7.10017593E+00
+573.00E-06,-391.95979E-03,-6.89917091E+00
+574.00E-06,-391.95979E-03,-7.20067845E+00
+575.00E-06,-417.08542E-03,-7.25092970E+00
+576.00E-06,-422.11055E-03,-7.30118096E+00
+577.00E-06,-432.16080E-03,-7.30118096E+00
+578.00E-06,-412.06030E-03,-7.50218599E+00
+579.00E-06,-457.28643E-03,-7.35143222E+00
+580.00E-06,-462.31155E-03,-7.50218599E+00
+581.00E-06,-442.21105E-03,-7.60268850E+00
+582.00E-06,-442.21105E-03,-7.90419604E+00
+583.00E-06,-462.31155E-03,-7.90419604E+00
+584.00E-06,-462.31155E-03,-7.90419604E+00
+585.00E-06,-462.31155E-03,-7.90419604E+00
+586.00E-06,-462.31155E-03,-8.20570358E+00
+587.00E-06,-482.41206E-03,-8.25595484E+00
+588.00E-06,-522.61306E-03,-8.30620609E+00
+589.00E-06,-477.38693E-03,-8.55746238E+00
+590.00E-06,-502.51256E-03,-8.50721112E+00
+591.00E-06,-507.53768E-03,-8.65796489E+00
+592.00E-06,-482.41206E-03,-8.50721112E+00
+593.00E-06,-507.53768E-03,-8.55746238E+00
+594.00E-06,-522.61306E-03,-8.90922117E+00
+595.00E-06,-517.58793E-03,-8.85896992E+00
+596.00E-06,-522.61306E-03,-9.11022620E+00
+597.00E-06,-542.71356E-03,-9.11022620E+00
+598.00E-06,-542.71356E-03,-9.31123123E+00
+599.00E-06,-542.71356E-03,-9.31123123E+00
+600.00E-06,-542.71356E-03,-9.31123123E+00
+601.00E-06,-537.68844E-03,-9.51223625E+00
+602.00E-06,-552.76381E-03,-9.51223625E+00
+603.00E-06,-557.78894E-03,-9.51223625E+00
+604.00E-06,-562.81406E-03,-9.71324128E+00
+605.00E-06,-567.83919E-03,-9.56248751E+00
+606.00E-06,-572.86432E-03,-9.71324128E+00
+607.00E-06,-567.83919E-03,-9.91424631E+00
+608.00E-06,-562.81406E-03,-10.11525133E+00
+609.00E-06,-587.93969E-03,-10.11525133E+00
+610.00E-06,-572.86432E-03,-10.01474882E+00
+611.00E-06,-597.98994E-03,-10.11525133E+00
+612.00E-06,-623.11557E-03,-10.31625636E+00
+613.00E-06,-603.01507E-03,-10.31625636E+00
+614.00E-06,-613.06532E-03,-10.31625636E+00
+615.00E-06,-608.04019E-03,-10.51726139E+00
+616.00E-06,-603.01507E-03,-10.51726139E+00
+617.00E-06,-623.11557E-03,-10.71826641E+00
+618.00E-06,-623.11557E-03,-10.61776390E+00
+619.00E-06,-638.19095E-03,-10.71826641E+00
+620.00E-06,-623.11557E-03,-10.71826641E+00
+621.00E-06,-658.29145E-03,-10.91927144E+00
+622.00E-06,-643.21607E-03,-11.22077898E+00
+623.00E-06,-643.21607E-03,-11.12027647E+00
+624.00E-06,-643.21607E-03,-11.32128149E+00
+625.00E-06,-643.21607E-03,-11.07002521E+00
+626.00E-06,-663.31658E-03,-11.42178401E+00
+627.00E-06,-663.31658E-03,-11.62278903E+00
+628.00E-06,-643.21607E-03,-11.52228652E+00
+629.00E-06,-668.34170E-03,-11.37153275E+00
+630.00E-06,-683.41708E-03,-11.52228652E+00
+631.00E-06,-663.31658E-03,-11.67304029E+00
+632.00E-06,-683.41708E-03,-11.92429657E+00
+633.00E-06,-683.41708E-03,-11.72329155E+00
+634.00E-06,-683.41708E-03,-11.72329155E+00
+635.00E-06,-698.49245E-03,-11.87404532E+00
+636.00E-06,-703.51758E-03,-12.12530160E+00
+637.00E-06,-703.51758E-03,-12.12530160E+00
+638.00E-06,-723.61808E-03,-12.22580411E+00
+639.00E-06,-708.54271E-03,-12.12530160E+00
+640.00E-06,-723.61808E-03,-12.12530160E+00
+641.00E-06,-718.59296E-03,-12.27605537E+00
+642.00E-06,-713.56783E-03,-12.52731165E+00
+643.00E-06,-718.59296E-03,-12.52731165E+00
+644.00E-06,-743.71858E-03,-12.72831668E+00
+645.00E-06,-738.69346E-03,-12.57756291E+00
+646.00E-06,-723.61808E-03,-12.52731165E+00
+647.00E-06,-743.71858E-03,-12.87907045E+00
+648.00E-06,-743.71858E-03,-12.72831668E+00
+649.00E-06,-743.71858E-03,-12.87907045E+00
+650.00E-06,-753.76884E-03,-12.92932171E+00
+651.00E-06,-733.66833E-03,-12.77856794E+00
+652.00E-06,-763.81909E-03,-13.13032673E+00
+653.00E-06,-748.74371E-03,-13.13032673E+00
+654.00E-06,-743.71858E-03,-13.13032673E+00
+655.00E-06,-748.74371E-03,-13.28108050E+00
+656.00E-06,-783.91959E-03,-13.33133176E+00
+657.00E-06,-778.89446E-03,-13.13032673E+00
+658.00E-06,-763.81909E-03,-13.23082925E+00
+659.00E-06,-783.91959E-03,-13.33133176E+00
+660.00E-06,-763.81909E-03,-13.33133176E+00
+661.00E-06,-783.91959E-03,-13.33133176E+00
+662.00E-06,-783.91959E-03,-13.53233679E+00
+663.00E-06,-783.91959E-03,-13.73334181E+00
+664.00E-06,-763.81909E-03,-13.73334181E+00
+665.00E-06,-788.94472E-03,-13.58258804E+00
+666.00E-06,-804.02009E-03,-13.73334181E+00
+667.00E-06,-788.94472E-03,-13.73334181E+00
+668.00E-06,-804.02009E-03,-13.73334181E+00
+669.00E-06,-804.02009E-03,-13.78359307E+00
+670.00E-06,-804.02009E-03,-13.83384433E+00
+671.00E-06,-793.96984E-03,-14.13535187E+00
+672.00E-06,-824.12059E-03,-13.93434684E+00
+673.00E-06,-839.19597E-03,-14.13535187E+00
+674.00E-06,-814.07034E-03,-14.23585438E+00
+675.00E-06,-824.12059E-03,-14.13535187E+00
+676.00E-06,-844.22110E-03,-14.53736192E+00
+677.00E-06,-824.12059E-03,-14.13535187E+00
+678.00E-06,-834.17085E-03,-14.13535187E+00
+679.00E-06,-844.22110E-03,-14.68811569E+00
+680.00E-06,-824.12059E-03,-14.33635689E+00
+681.00E-06,-829.14572E-03,-14.53736192E+00
+682.00E-06,-834.17085E-03,-14.63786443E+00
+683.00E-06,-839.19597E-03,-14.48711066E+00
+684.00E-06,-824.12059E-03,-14.53736192E+00
+685.00E-06,-829.14572E-03,-14.73836695E+00
+686.00E-06,-854.27135E-03,-14.63786443E+00
+687.00E-06,-849.24622E-03,-14.73836695E+00
+688.00E-06,-864.32160E-03,-14.73836695E+00
+689.00E-06,-859.29647E-03,-14.78861820E+00
+690.00E-06,-854.27135E-03,-14.83886946E+00
+691.00E-06,-864.32160E-03,-14.88912072E+00
+692.00E-06,-864.32160E-03,-15.14037700E+00
+693.00E-06,-849.24622E-03,-15.09012574E+00
+694.00E-06,-874.37185E-03,-14.93937197E+00
+695.00E-06,-869.34672E-03,-15.14037700E+00
+696.00E-06,-864.32160E-03,-14.93937197E+00
+697.00E-06,-869.34672E-03,-14.93937197E+00
+698.00E-06,-884.42210E-03,-15.14037700E+00
+699.00E-06,-864.32160E-03,-15.24087951E+00
+700.00E-06,-884.42210E-03,-15.34138203E+00
+701.00E-06,-884.42210E-03,-15.24087951E+00
+702.00E-06,-884.42210E-03,-15.24087951E+00
+703.00E-06,-894.47235E-03,-15.39163328E+00
+704.00E-06,-864.32160E-03,-15.14037700E+00
+705.00E-06,-884.42210E-03,-15.24087951E+00
+706.00E-06,-904.52260E-03,-15.44188454E+00
+707.00E-06,-904.52260E-03,-15.49213580E+00
+708.00E-06,-904.52260E-03,-15.34138203E+00
+709.00E-06,-884.42210E-03,-15.39163328E+00
+710.00E-06,-894.47235E-03,-15.44188454E+00
+711.00E-06,-904.52260E-03,-15.54238705E+00
+712.00E-06,-884.42210E-03,-15.54238705E+00
+713.00E-06,-904.52260E-03,-15.39163328E+00
+714.00E-06,-904.52260E-03,-15.64288957E+00
+715.00E-06,-924.62311E-03,-15.39163328E+00
+716.00E-06,-884.42210E-03,-15.54238705E+00
+717.00E-06,-894.47235E-03,-15.74339208E+00
+718.00E-06,-914.57285E-03,-15.84389459E+00
+719.00E-06,-919.59798E-03,-15.74339208E+00
+720.00E-06,-904.52260E-03,-15.94439711E+00
+721.00E-06,-899.49748E-03,-15.59263831E+00
+722.00E-06,-904.52260E-03,-15.74339208E+00
+723.00E-06,-939.69848E-03,-15.94439711E+00
+724.00E-06,-904.52260E-03,-15.94439711E+00
+725.00E-06,-924.62311E-03,-15.79364334E+00
+726.00E-06,-904.52260E-03,-15.84389459E+00
+727.00E-06,-909.54773E-03,-15.89414585E+00
+728.00E-06,-924.62311E-03,-15.94439711E+00
+729.00E-06,-939.69848E-03,-15.89414585E+00
+730.00E-06,-904.52260E-03,-15.74339208E+00
+731.00E-06,-924.62311E-03,-15.79364334E+00
+732.00E-06,-944.72361E-03,-15.94439711E+00
+733.00E-06,-914.57285E-03,-15.94439711E+00
+734.00E-06,-914.57285E-03,-15.94439711E+00
+735.00E-06,-924.62311E-03,-15.79364334E+00
+736.00E-06,-904.52260E-03,-15.94439711E+00
+737.00E-06,-924.62311E-03,-15.94439711E+00
+738.00E-06,-944.72361E-03,-16.04489962E+00
+739.00E-06,-904.52260E-03,-15.94439711E+00
+740.00E-06,-904.52260E-03,-15.94439711E+00
+741.00E-06,-919.59798E-03,-16.09515088E+00
+742.00E-06,-914.57285E-03,-15.84389459E+00
+743.00E-06,-919.59798E-03,-16.09515088E+00
+744.00E-06,-924.62311E-03,-15.74339208E+00
+745.00E-06,-924.62311E-03,-16.09515088E+00
+746.00E-06,-924.62311E-03,-16.04489962E+00
+747.00E-06,-954.77386E-03,-15.94439711E+00
+748.00E-06,-904.52260E-03,-15.94439711E+00
+749.00E-06,-924.62311E-03,-16.09515088E+00
+750.00E-06,-934.67336E-03,-15.94439711E+00
+751.00E-06,-929.64823E-03,-16.09515088E+00
+752.00E-06,-924.62311E-03,-15.94439711E+00
+753.00E-06,-929.64823E-03,-15.94439711E+00
+754.00E-06,-924.62311E-03,-16.24590465E+00
+755.00E-06,-939.69848E-03,-15.94439711E+00
+756.00E-06,-944.72361E-03,-16.14540213E+00
+757.00E-06,-944.72361E-03,-15.99464836E+00
+758.00E-06,-934.67336E-03,-16.14540213E+00
+759.00E-06,-939.69848E-03,-15.84389459E+00
+760.00E-06,-924.62311E-03,-16.14540213E+00
+761.00E-06,-929.64823E-03,-16.14540213E+00
+762.00E-06,-914.57285E-03,-15.84389459E+00
+763.00E-06,-909.54773E-03,-15.94439711E+00
+764.00E-06,-924.62311E-03,-16.14540213E+00
+765.00E-06,-919.59798E-03,-15.74339208E+00
+766.00E-06,-924.62311E-03,-15.84389459E+00
+767.00E-06,-929.64823E-03,-16.09515088E+00
+768.00E-06,-944.72361E-03,-15.94439711E+00
+769.00E-06,-909.54773E-03,-15.94439711E+00
+770.00E-06,-924.62311E-03,-15.84389459E+00
+771.00E-06,-924.62311E-03,-15.94439711E+00
+772.00E-06,-924.62311E-03,-15.94439711E+00
+773.00E-06,-909.54773E-03,-15.94439711E+00
+774.00E-06,-924.62311E-03,-16.04489962E+00
+775.00E-06,-919.59798E-03,-15.79364334E+00
+776.00E-06,-924.62311E-03,-15.54238705E+00
+777.00E-06,-919.59798E-03,-15.74339208E+00
+778.00E-06,-924.62311E-03,-15.94439711E+00
+779.00E-06,-904.52260E-03,-15.79364334E+00
+780.00E-06,-924.62311E-03,-15.74339208E+00
+781.00E-06,-914.57285E-03,-15.79364334E+00
+782.00E-06,-924.62311E-03,-15.84389459E+00
+783.00E-06,-924.62311E-03,-15.74339208E+00
+784.00E-06,-884.42210E-03,-15.94439711E+00
+785.00E-06,-904.52260E-03,-15.59263831E+00
+786.00E-06,-904.52260E-03,-15.64288957E+00
+787.00E-06,-924.62311E-03,-15.74339208E+00
+788.00E-06,-904.52260E-03,-15.74339208E+00
+789.00E-06,-904.52260E-03,-15.54238705E+00
+790.00E-06,-914.57285E-03,-15.64288957E+00
+791.00E-06,-884.42210E-03,-15.69314082E+00
+792.00E-06,-884.42210E-03,-15.54238705E+00
+793.00E-06,-899.49748E-03,-15.59263831E+00
+794.00E-06,-894.47235E-03,-15.74339208E+00
+795.00E-06,-874.37185E-03,-15.49213580E+00
+796.00E-06,-884.42210E-03,-15.34138203E+00
+797.00E-06,-899.49748E-03,-15.39163328E+00
+798.00E-06,-884.42210E-03,-15.54238705E+00
+799.00E-06,-919.59798E-03,-15.34138203E+00
+800.00E-06,-864.32160E-03,-15.54238705E+00
+801.00E-06,-899.49748E-03,-15.19062826E+00
+802.00E-06,-884.42210E-03,-15.24087951E+00
+803.00E-06,-884.42210E-03,-15.14037700E+00
+804.00E-06,-884.42210E-03,-15.34138203E+00
+805.00E-06,-879.39698E-03,-15.24087951E+00
+806.00E-06,-864.32160E-03,-15.14037700E+00
+807.00E-06,-869.34672E-03,-15.24087951E+00
+808.00E-06,-864.32160E-03,-14.93937197E+00
+809.00E-06,-849.24622E-03,-15.09012574E+00
+810.00E-06,-864.32160E-03,-15.03987449E+00
+811.00E-06,-864.32160E-03,-14.93937197E+00
+812.00E-06,-884.42210E-03,-14.93937197E+00
+813.00E-06,-884.42210E-03,-14.93937197E+00
+814.00E-06,-854.27135E-03,-14.83886946E+00
+815.00E-06,-849.24622E-03,-14.88912072E+00
+816.00E-06,-864.32160E-03,-14.73836695E+00
+817.00E-06,-859.29647E-03,-14.73836695E+00
+818.00E-06,-844.22110E-03,-14.83886946E+00
+819.00E-06,-854.27135E-03,-14.88912072E+00
+820.00E-06,-864.32160E-03,-14.93937197E+00
+821.00E-06,-829.14572E-03,-14.68811569E+00
+822.00E-06,-844.22110E-03,-14.63786443E+00
+823.00E-06,-824.12059E-03,-14.53736192E+00
+824.00E-06,-844.22110E-03,-14.33635689E+00
+825.00E-06,-824.12059E-03,-14.68811569E+00
+826.00E-06,-844.22110E-03,-14.53736192E+00
+827.00E-06,-819.09547E-03,-14.33635689E+00
+828.00E-06,-804.02009E-03,-14.33635689E+00
+829.00E-06,-804.02009E-03,-14.28610564E+00
+830.00E-06,-814.07034E-03,-14.23585438E+00
+831.00E-06,-804.02009E-03,-14.13535187E+00
+832.00E-06,-844.22110E-03,-14.13535187E+00
+833.00E-06,-819.09547E-03,-14.28610564E+00
+834.00E-06,-804.02009E-03,-14.03484935E+00
+835.00E-06,-824.12059E-03,-13.78359307E+00
+836.00E-06,-804.02009E-03,-13.93434684E+00
+837.00E-06,-804.02009E-03,-13.78359307E+00
+838.00E-06,-773.86934E-03,-13.73334181E+00
+839.00E-06,-783.91959E-03,-13.93434684E+00
+840.00E-06,-783.91959E-03,-13.73334181E+00
+841.00E-06,-783.91959E-03,-13.53233679E+00
+842.00E-06,-783.91959E-03,-13.63283930E+00
+843.00E-06,-788.94472E-03,-13.53233679E+00
+844.00E-06,-763.81909E-03,-13.53233679E+00
+845.00E-06,-778.89446E-03,-13.48208553E+00
+846.00E-06,-783.91959E-03,-13.33133176E+00
+847.00E-06,-768.84421E-03,-13.38158302E+00
+848.00E-06,-763.81909E-03,-13.33133176E+00
+849.00E-06,-768.84421E-03,-13.13032673E+00
+850.00E-06,-753.76884E-03,-13.13032673E+00
+851.00E-06,-758.79396E-03,-13.13032673E+00
+852.00E-06,-763.81909E-03,-12.92932171E+00
+853.00E-06,-758.79396E-03,-13.02982422E+00
+854.00E-06,-753.76884E-03,-13.02982422E+00
+855.00E-06,-753.76884E-03,-12.92932171E+00
+856.00E-06,-763.81909E-03,-12.72831668E+00
+857.00E-06,-738.69346E-03,-12.92932171E+00
+858.00E-06,-723.61808E-03,-12.62781417E+00
+859.00E-06,-713.56783E-03,-12.52731165E+00
+860.00E-06,-743.71858E-03,-12.52731165E+00
+861.00E-06,-718.59296E-03,-12.52731165E+00
+862.00E-06,-723.61808E-03,-12.52731165E+00
+863.00E-06,-703.51758E-03,-12.42680914E+00
+864.00E-06,-723.61808E-03,-12.12530160E+00
+865.00E-06,-708.54271E-03,-12.32630663E+00
+866.00E-06,-713.56783E-03,-12.12530160E+00
+867.00E-06,-708.54271E-03,-12.12530160E+00
+868.00E-06,-703.51758E-03,-12.32630663E+00
+869.00E-06,-698.49245E-03,-12.07505034E+00
+870.00E-06,-683.41708E-03,-12.02479909E+00
+871.00E-06,-678.39195E-03,-11.77354280E+00
+872.00E-06,-703.51758E-03,-11.92429657E+00
+873.00E-06,-683.41708E-03,-11.72329155E+00
+874.00E-06,-663.31658E-03,-11.62278903E+00
+875.00E-06,-668.34170E-03,-11.67304029E+00
+876.00E-06,-663.31658E-03,-11.52228652E+00
+877.00E-06,-648.24120E-03,-11.32128149E+00
+878.00E-06,-653.26632E-03,-11.32128149E+00
+879.00E-06,-678.39195E-03,-11.32128149E+00
+880.00E-06,-643.21607E-03,-11.32128149E+00
+881.00E-06,-663.31658E-03,-11.17052772E+00
+882.00E-06,-663.31658E-03,-11.12027647E+00
+883.00E-06,-633.16582E-03,-11.27103024E+00
+884.00E-06,-643.21607E-03,-10.91927144E+00
+885.00E-06,-628.14070E-03,-10.91927144E+00
+886.00E-06,-603.01507E-03,-10.81876893E+00
+887.00E-06,-623.11557E-03,-10.71826641E+00
+888.00E-06,-603.01507E-03,-10.71826641E+00
+889.00E-06,-608.04019E-03,-10.51726139E+00
+890.00E-06,-613.06532E-03,-10.61776390E+00
+891.00E-06,-623.11557E-03,-10.36650762E+00
+892.00E-06,-623.11557E-03,-10.31625636E+00
+893.00E-06,-603.01507E-03,-10.16550259E+00
+894.00E-06,-582.91457E-03,-10.21575385E+00
+895.00E-06,-567.83919E-03,-10.11525133E+00
+896.00E-06,-582.91457E-03,-10.11525133E+00
+897.00E-06,-557.78894E-03,-10.06500008E+00
+898.00E-06,-582.91457E-03,-9.81374379E+00
+899.00E-06,-582.91457E-03,-9.91424631E+00
+900.00E-06,-582.91457E-03,-9.91424631E+00
+901.00E-06,-582.91457E-03,-9.56248751E+00
+902.00E-06,-562.81406E-03,-9.51223625E+00
+903.00E-06,-562.81406E-03,-9.56248751E+00
+904.00E-06,-502.51256E-03,-9.31123123E+00
+905.00E-06,-542.71356E-03,-9.46198500E+00
+906.00E-06,-512.56281E-03,-9.31123123E+00
+907.00E-06,-512.56281E-03,-9.11022620E+00
+908.00E-06,-522.61306E-03,-9.31123123E+00
+909.00E-06,-507.53768E-03,-8.95947243E+00
+910.00E-06,-502.51256E-03,-8.90922117E+00
+911.00E-06,-532.66331E-03,-8.95947243E+00
+912.00E-06,-502.51256E-03,-8.70821615E+00
+913.00E-06,-502.51256E-03,-8.90922117E+00
+914.00E-06,-492.46231E-03,-8.70821615E+00
+915.00E-06,-502.51256E-03,-8.70821615E+00
+916.00E-06,-502.51256E-03,-8.30620609E+00
+917.00E-06,-472.36180E-03,-8.30620609E+00
+918.00E-06,-482.41206E-03,-8.30620609E+00
+919.00E-06,-467.33668E-03,-7.95444730E+00
+920.00E-06,-462.31155E-03,-8.10520107E+00
+921.00E-06,-462.31155E-03,-7.90419604E+00
+922.00E-06,-462.31155E-03,-7.80369353E+00
+923.00E-06,-462.31155E-03,-7.75344227E+00
+924.00E-06,-442.21105E-03,-7.70319101E+00
+925.00E-06,-442.21105E-03,-7.55243724E+00
+926.00E-06,-432.16080E-03,-7.50218599E+00
+927.00E-06,-417.08542E-03,-7.55243724E+00
+928.00E-06,-402.01005E-03,-7.30118096E+00
+929.00E-06,-427.13567E-03,-7.10017593E+00
+930.00E-06,-412.06030E-03,-7.10017593E+00
+931.00E-06,-417.08542E-03,-7.15042719E+00
+932.00E-06,-402.01005E-03,-7.10017593E+00
+933.00E-06,-407.03517E-03,-6.74841714E+00
+934.00E-06,-412.06030E-03,-6.89917091E+00
+935.00E-06,-386.93467E-03,-6.84891965E+00
+936.00E-06,-402.01005E-03,-6.69816588E+00
+937.00E-06,-376.88442E-03,-6.64791462E+00
+938.00E-06,-361.80904E-03,-6.49716085E+00
+939.00E-06,-381.90954E-03,-6.34640708E+00
+940.00E-06,-381.90954E-03,-6.29615583E+00
+941.00E-06,-341.70854E-03,-6.14540206E+00
+942.00E-06,-361.80904E-03,-6.09515080E+00
+943.00E-06,-331.65829E-03,-5.94439703E+00
+944.00E-06,-341.70854E-03,-5.89414577E+00
+945.00E-06,-326.63316E-03,-5.89414577E+00
+946.00E-06,-331.65829E-03,-5.99464829E+00
+947.00E-06,-336.68341E-03,-5.54238697E+00
+948.00E-06,-301.50753E-03,-5.49213572E+00
+949.00E-06,-316.58291E-03,-5.34138195E+00
+950.00E-06,-311.55779E-03,-5.29113069E+00
+951.00E-06,-306.53266E-03,-5.49213572E+00
+952.00E-06,-281.40703E-03,-5.09012567E+00
+953.00E-06,-281.40703E-03,-5.24087943E+00
+954.00E-06,-291.45728E-03,-5.09012567E+00
+955.00E-06,-281.40703E-03,-4.93937189E+00
+956.00E-06,-261.30653E-03,-4.68811561E+00
+957.00E-06,-281.40703E-03,-4.83886938E+00
+958.00E-06,-261.30653E-03,-4.68811561E+00
+959.00E-06,-261.30653E-03,-4.48711058E+00
+960.00E-06,-261.30653E-03,-4.48711058E+00
+961.00E-06,-246.23115E-03,-4.28610556E+00
+962.00E-06,-251.25628E-03,-4.28610556E+00
+963.00E-06,-221.10553E-03,-4.08510053E+00
+964.00E-06,-221.10553E-03,-4.08510053E+00
+965.00E-06,-221.10553E-03,-3.98459802E+00
+966.00E-06,-221.10553E-03,-3.78359299E+00
+967.00E-06,-251.25628E-03,-3.73334173E+00
+968.00E-06,-201.00502E-03,-3.48208545E+00
+969.00E-06,-201.00502E-03,-3.53233671E+00
+970.00E-06,-190.95477E-03,-3.38158294E+00
+971.00E-06,-201.00502E-03,-3.23082917E+00
+972.00E-06,-160.80402E-03,-3.08007540E+00
+973.00E-06,-170.85427E-03,-3.08007540E+00
+974.00E-06,-190.95477E-03,-2.97957288E+00
+975.00E-06,-195.97990E-03,-2.87907037E+00
+976.00E-06,-160.80402E-03,-2.87907037E+00
+977.00E-06,-155.77889E-03,-2.67806534E+00
+978.00E-06,-160.80402E-03,-2.57756283E+00
+979.00E-06,-120.60301E-03,-2.42680906E+00
+980.00E-06,-140.70352E-03,-2.47706032E+00
+981.00E-06,-135.67839E-03,-2.42680906E+00
+982.00E-06,-130.65326E-03,-2.27605529E+00
+983.00E-06,-120.60301E-03,-2.42680906E+00
+984.00E-06,-120.60301E-03,-1.87404524E+00
+985.00E-06,-135.67839E-03,-2.02479901E+00
+986.00E-06,-110.55276E-03,-1.77354272E+00
+987.00E-06,-120.60301E-03,-2.02479901E+00
+988.00E-06,-80.40201E-03,-1.67304021E+00
+989.00E-06,-95.47739E-03,-1.62278895E+00
+990.00E-06,-90.45226E-03,-1.57253770E+00
+991.00E-06,-100.50251E-03,-1.47203518E+00
+992.00E-06,-60.30151E-03,-1.27103016E+00
+993.00E-06,-70.35176E-03,-1.22077890E+00
+994.00E-06,-70.35176E-03,-969.52262E-03
+995.00E-06,-50.25126E-03,-869.02010E-03
+996.00E-06,-40.20100E-03,-1.07002513E+00
+997.00E-06,-45.22613E-03,-869.02010E-03
+998.00E-06,-40.20100E-03,-768.51759E-03
+999.00E-06,-40.20100E-03,-768.51759E-03
